filename	hdu	keyword	value
Blind15A_26/c4d_150217_014745_ori.fits.fz	0	PROCTYPE	RAW
Blind15A_26/c4d_150217_032450_ori.fits.fz	0	PROCTYPE	RAW
Blind15A_26/c4d_150217_052807_ori.fits.fz	0	PROCTYPE	RAW
Blind15A_26/c4d_150217_070657_ori.fits.fz	0	PROCTYPE	RAW
Blind15A_26/c4d_150217_081441_ori.fits.fz	0	PROCTYPE	RAW
Blind15A_26/c4d_150218_014235_ori.fits.fz	0	PROCTYPE	RAW
Blind15A_26/c4d_150218_031954_ori.fits.fz	0	PROCTYPE	RAW
Blind15A_26/c4d_150218_045727_ori.fits.fz	0	PROCTYPE	RAW
Blind15A_26/c4d_150218_063836_ori.fits.fz	0	PROCTYPE	RAW
Blind15A_26/c4d_150218_081759_ori.fits.fz	0	PROCTYPE	RAW
Blind15A_26/c4d_150219_013750_ori.fits.fz	0	PROCTYPE	RAW
Blind15A_26/c4d_150219_031501_ori.fits.fz	0	PROCTYPE	RAW
Blind15A_26/c4d_150219_045507_ori.fits.fz	0	PROCTYPE	RAW
Blind15A_26/c4d_150219_063408_ori.fits.fz	0	PROCTYPE	RAW
Blind15A_26/c4d_150219_081349_ori.fits.fz	0	PROCTYPE	RAW
Blind15A_26/c4d_150220_013403_ori.fits.fz	0	PROCTYPE	RAW
Blind15A_26/c4d_150221_013026_ori.fits.fz	0	PROCTYPE	RAW
Blind15A_26/c4d_150221_075517_ori.fits.fz	0	PROCTYPE	RAW
Blind15A_26/c4d_150222_012710_ori.fits.fz	0	PROCTYPE	RAW
Blind15A_26/c4d_150222_030408_ori.fits.fz	0	PROCTYPE	RAW
Blind15A_26/c4d_150222_044217_ori.fits.fz	0	PROCTYPE	RAW
Blind15A_26/c4d_150222_062112_ori.fits.fz	0	PROCTYPE	RAW
Blind15A_26/c4d_150222_075953_ori.fits.fz	0	PROCTYPE	RAW
Blind15A_26/c4d_150224_010457_ori.fits.fz	0	PROCTYPE	RAW
Blind15A_26/c4d_150224_024214_ori.fits.fz	0	PROCTYPE	RAW
Blind15A_26/c4d_150224_041029_ori.fits.fz	0	PROCTYPE	RAW
Blind15A_26/c4d_150227_011130_ori.fits.fz	0	PROCTYPE	RAW
Blind15A_26/c4d_150227_022953_ori.fits.fz	0	PROCTYPE	RAW
Blind15A_26/c4d_150227_040757_ori.fits.fz	0	PROCTYPE	RAW
Blind15A_26/c4d_150308_053309_ori.fits.fz	0	PROCTYPE	RAW
Blind15A_26/c4d_150308_065227_ori.fits.fz	0	PROCTYPE	RAW
Blind15A_26/c4d_150309_053319_ori.fits.fz	0	PROCTYPE	RAW
Blind15A_26/c4d_150314_005227_ori.fits.fz	0	PROCTYPE	RAW
Blind15A_26/c4d_150314_025138_ori.fits.fz	0	PROCTYPE	RAW
Blind15A_26/c4d_150314_040712_ori.fits.fz	0	PROCTYPE	RAW
Blind15A_40/c4d_150217_021441_ori.fits.fz	0	PROCTYPE	RAW
Blind15A_40/c4d_150217_035146_ori.fits.fz	0	PROCTYPE	RAW
Blind15A_40/c4d_150217_055528_ori.fits.fz	0	PROCTYPE	RAW
Blind15A_40/c4d_150217_073445_ori.fits.fz	0	PROCTYPE	RAW
Blind15A_40/c4d_150217_084214_ori.fits.fz	0	PROCTYPE	RAW
Blind15A_40/c4d_150218_020938_ori.fits.fz	0	PROCTYPE	RAW
Blind15A_40/c4d_150218_034648_ori.fits.fz	0	PROCTYPE	RAW
Blind15A_40/c4d_150218_052457_ori.fits.fz	0	PROCTYPE	RAW
Blind15A_40/c4d_150218_070619_ori.fits.fz	0	PROCTYPE	RAW
Blind15A_40/c4d_150218_084520_ori.fits.fz	0	PROCTYPE	RAW
Blind15A_40/c4d_150219_020455_ori.fits.fz	0	PROCTYPE	RAW
Blind15A_40/c4d_150219_034157_ori.fits.fz	0	PROCTYPE	RAW
Blind15A_40/c4d_150219_034349_ori.fits.fz	0	PROCTYPE	RAW
Blind15A_40/c4d_150219_052223_ori.fits.fz	0	PROCTYPE	RAW
Blind15A_40/c4d_150219_070142_ori.fits.fz	0	PROCTYPE	RAW
Blind15A_40/c4d_150219_084107_ori.fits.fz	0	PROCTYPE	RAW
Blind15A_40/c4d_150220_020108_ori.fits.fz	0	PROCTYPE	RAW
Blind15A_40/c4d_150221_015715_ori.fits.fz	0	PROCTYPE	RAW
Blind15A_40/c4d_150221_082227_ori.fits.fz	0	PROCTYPE	RAW
Blind15A_40/c4d_150221_082419_ori.fits.fz	0	PROCTYPE	RAW
Blind15A_40/c4d_150222_015410_ori.fits.fz	0	PROCTYPE	RAW
Blind15A_40/c4d_150222_033106_ori.fits.fz	0	PROCTYPE	RAW
Blind15A_40/c4d_150222_050940_ori.fits.fz	0	PROCTYPE	RAW
Blind15A_40/c4d_150222_064849_ori.fits.fz	0	PROCTYPE	RAW
Blind15A_40/c4d_150222_082732_ori.fits.fz	0	PROCTYPE	RAW
Blind15A_40/c4d_150224_013207_ori.fits.fz	0	PROCTYPE	RAW
Blind15A_40/c4d_150224_030912_ori.fits.fz	0	PROCTYPE	RAW
Blind15A_40/c4d_150224_043755_ori.fits.fz	0	PROCTYPE	RAW
Blind15A_40/c4d_150227_012718_ori.fits.fz	0	PROCTYPE	RAW
Blind15A_40/c4d_150227_025643_ori.fits.fz	0	PROCTYPE	RAW
Blind15A_40/c4d_150227_043519_ori.fits.fz	0	PROCTYPE	RAW
Blind15A_40/c4d_150308_055737_ori.fits.fz	0	PROCTYPE	RAW
Blind15A_40/c4d_150309_055748_ori.fits.fz	0	PROCTYPE	RAW
Blind15A_40/c4d_150309_063816_ori.fits.fz	0	PROCTYPE	RAW
Blind15A_40/c4d_150314_011939_ori.fits.fz	0	PROCTYPE	RAW
Blind15A_40/c4d_150314_031308_ori.fits.fz	0	PROCTYPE	RAW
Blind15A_40/c4d_150314_043448_ori.fits.fz	0	PROCTYPE	RAW
Blind15A_42/c4d_150217_021832_ori.fits.fz	0	PROCTYPE	RAW
Blind15A_42/c4d_150217_035539_ori.fits.fz	0	PROCTYPE	RAW
Blind15A_42/c4d_150217_055923_ori.fits.fz	0	PROCTYPE	RAW
Blind15A_42/c4d_150217_073839_ori.fits.fz	0	PROCTYPE	RAW
Blind15A_42/c4d_150217_084607_ori.fits.fz	0	PROCTYPE	RAW
Blind15A_42/c4d_150218_021331_ori.fits.fz	0	PROCTYPE	RAW
Blind15A_42/c4d_150218_035040_ori.fits.fz	0	PROCTYPE	RAW
Blind15A_42/c4d_150218_052850_ori.fits.fz	0	PROCTYPE	RAW
Blind15A_42/c4d_150218_071007_ori.fits.fz	0	PROCTYPE	RAW
Blind15A_42/c4d_150218_084913_ori.fits.fz	0	PROCTYPE	RAW
Blind15A_42/c4d_150219_020853_ori.fits.fz	0	PROCTYPE	RAW
Blind15A_42/c4d_150219_034738_ori.fits.fz	0	PROCTYPE	RAW
Blind15A_42/c4d_150219_052616_ori.fits.fz	0	PROCTYPE	RAW
Blind15A_42/c4d_150219_070538_ori.fits.fz	0	PROCTYPE	RAW
Blind15A_42/c4d_150219_084456_ori.fits.fz	0	PROCTYPE	RAW
Blind15A_42/c4d_150220_020509_ori.fits.fz	0	PROCTYPE	RAW
Blind15A_42/c4d_150221_020103_ori.fits.fz	0	PROCTYPE	RAW
Blind15A_42/c4d_150221_082810_ori.fits.fz	0	PROCTYPE	RAW
Blind15A_42/c4d_150222_015801_ori.fits.fz	0	PROCTYPE	RAW
Blind15A_42/c4d_150222_033500_ori.fits.fz	0	PROCTYPE	RAW
Blind15A_42/c4d_150222_051331_ori.fits.fz	0	PROCTYPE	RAW
Blind15A_42/c4d_150222_065244_ori.fits.fz	0	PROCTYPE	RAW
Blind15A_42/c4d_150222_083126_ori.fits.fz	0	PROCTYPE	RAW
Blind15A_42/c4d_150224_013608_ori.fits.fz	0	PROCTYPE	RAW
Blind15A_42/c4d_150224_031311_ori.fits.fz	0	PROCTYPE	RAW
Blind15A_42/c4d_150224_044146_ori.fits.fz	0	PROCTYPE	RAW
Blind15A_42/c4d_150227_013108_ori.fits.fz	0	PROCTYPE	RAW
Blind15A_42/c4d_150227_030032_ori.fits.fz	0	PROCTYPE	RAW
Blind15A_42/c4d_150227_043911_ori.fits.fz	0	PROCTYPE	RAW
Blind15A_42/c4d_150308_060208_ori.fits.fz	0	PROCTYPE	RAW
Blind15A_42/c4d_150309_060216_ori.fits.fz	0	PROCTYPE	RAW
Blind15A_42/c4d_150309_064249_ori.fits.fz	0	PROCTYPE	RAW
Blind15A_42/c4d_150314_012330_ori.fits.fz	0	PROCTYPE	RAW
Blind15A_42/c4d_150314_031704_ori.fits.fz	0	PROCTYPE	RAW
Blind15A_42/c4d_150314_043848_ori.fits.fz	0	PROCTYPE	RAW
fci/c4d_150216_194955_fci_Y_v1.fits.fz	0	PROCTYPE	MasterCal
fci/c4d_150216_195556_fci_z_v1.fits.fz	0	PROCTYPE	MasterCal
fci/c4d_150216_200851_fci_i_v1.fits.fz	0	PROCTYPE	MasterCal
fci/c4d_150216_201831_fci_VR_v1.fits.fz	0	PROCTYPE	MasterCal
fci/c4d_150216_202542_fci_r_v1.fits.fz	0	PROCTYPE	MasterCal
fci/c4d_150216_203319_fci_g_v1.fits.fz	0	PROCTYPE	MasterCal
fci/c4d_150216_204501_fci_u_v1.fits.fz	0	PROCTYPE	MasterCal
fci/c4d_150217_194154_fci_Y_v1.fits.fz	0	PROCTYPE	MasterCal
fci/c4d_150217_194754_fci_z_v1.fits.fz	0	PROCTYPE	MasterCal
fci/c4d_150217_200049_fci_i_v1.fits.fz	0	PROCTYPE	MasterCal
fci/c4d_150217_201029_fci_VR_v1.fits.fz	0	PROCTYPE	MasterCal
fci/c4d_150217_201742_fci_r_v1.fits.fz	0	PROCTYPE	MasterCal
fci/c4d_150217_202517_fci_g_v1.fits.fz	0	PROCTYPE	MasterCal
fci/c4d_150217_203700_fci_u_v1.fits.fz	0	PROCTYPE	MasterCal
fci/c4d_150218_192157_fci_Y_v1.fits.fz	0	PROCTYPE	MasterCal
fci/c4d_150218_192759_fci_z_v1.fits.fz	0	PROCTYPE	MasterCal
fci/c4d_150218_194059_fci_i_v1.fits.fz	0	PROCTYPE	MasterCal
fci/c4d_150218_195040_fci_VR_v1.fits.fz	0	PROCTYPE	MasterCal
fci/c4d_150218_195751_fci_r_v1.fits.fz	0	PROCTYPE	MasterCal
fci/c4d_150218_200522_fci_g_v1.fits.fz	0	PROCTYPE	MasterCal
fci/c4d_150218_201707_fci_u_v1.fits.fz	0	PROCTYPE	MasterCal
fci/c4d_150219_192853_fci_Y_v1.fits.fz	0	PROCTYPE	MasterCal
fci/c4d_150219_193454_fci_z_v1.fits.fz	0	PROCTYPE	MasterCal
fci/c4d_150219_194754_fci_i_v1.fits.fz	0	PROCTYPE	MasterCal
fci/c4d_150219_195731_fci_VR_v1.fits.fz	0	PROCTYPE	MasterCal
fci/c4d_150219_200443_fci_r_v1.fits.fz	0	PROCTYPE	MasterCal
fci/c4d_150219_201219_fci_g_v1.fits.fz	0	PROCTYPE	MasterCal
fci/c4d_150219_202402_fci_u_v1.fits.fz	0	PROCTYPE	MasterCal
fci/c4d_150220_192314_fci_Y_v1.fits.fz	0	PROCTYPE	MasterCal
fci/c4d_150220_192917_fci_z_v1.fits.fz	0	PROCTYPE	MasterCal
fci/c4d_150220_194212_fci_i_v1.fits.fz	0	PROCTYPE	MasterCal
fci/c4d_150220_195154_fci_VR_v1.fits.fz	0	PROCTYPE	MasterCal
fci/c4d_150220_195904_fci_r_v1.fits.fz	0	PROCTYPE	MasterCal
fci/c4d_150220_200641_fci_g_v1.fits.fz	0	PROCTYPE	MasterCal
fci/c4d_150220_201825_fci_u_v1.fits.fz	0	PROCTYPE	MasterCal
fci/c4d_150221_195537_fci_Y_v1.fits.fz	0	PROCTYPE	MasterCal
fci/c4d_150221_200138_fci_z_v1.fits.fz	0	PROCTYPE	MasterCal
fci/c4d_150221_201435_fci_i_v1.fits.fz	0	PROCTYPE	MasterCal
fci/c4d_150221_202414_fci_VR_v1.fits.fz	0	PROCTYPE	MasterCal
fci/c4d_150221_203125_fci_r_v1.fits.fz	0	PROCTYPE	MasterCal
fci/c4d_150221_203900_fci_g_v1.fits.fz	0	PROCTYPE	MasterCal
fci/c4d_150221_205042_fci_u_v1.fits.fz	0	PROCTYPE	MasterCal
fci/c4d_150223_190855_fci_Y_v1.fits.fz	0	PROCTYPE	MasterCal
fci/c4d_150223_191456_fci_z_v1.fits.fz	0	PROCTYPE	MasterCal
fci/c4d_150223_192759_fci_i_v1.fits.fz	0	PROCTYPE	MasterCal
fci/c4d_150223_193732_fci_VR_v1.fits.fz	0	PROCTYPE	MasterCal
fci/c4d_150223_194443_fci_r_v1.fits.fz	0	PROCTYPE	MasterCal
fci/c4d_150223_195222_fci_g_v1.fits.fz	0	PROCTYPE	MasterCal
fci/c4d_150223_200403_fci_u_v1.fits.fz	0	PROCTYPE	MasterCal
fci/c4d_150226_204656_fci_u_v1.fits.fz	0	PROCTYPE	MasterCal
fci/c4d_150226_210150_fci_Y_v1.fits.fz	0	PROCTYPE	MasterCal
fci/c4d_150226_210751_fci_z_v1.fits.fz	0	PROCTYPE	MasterCal
fci/c4d_150226_212047_fci_i_v1.fits.fz	0	PROCTYPE	MasterCal
fci/c4d_150226_213028_fci_VR_v1.fits.fz	0	PROCTYPE	MasterCal
fci/c4d_150226_213739_fci_r_v1.fits.fz	0	PROCTYPE	MasterCal
fci/c4d_150226_214514_fci_g_v1.fits.fz	0	PROCTYPE	MasterCal
fci/c4d_150313_194312_fci_Y_v1.fits.fz	0	PROCTYPE	MasterCal
fci/c4d_150313_194915_fci_z_v1.fits.fz	0	PROCTYPE	MasterCal
fci/c4d_150313_200208_fci_i_v1.fits.fz	0	PROCTYPE	MasterCal
fci/c4d_150313_201151_fci_VR_v1.fits.fz	0	PROCTYPE	MasterCal
fci/c4d_150313_201900_fci_r_v1.fits.fz	0	PROCTYPE	MasterCal
fci/c4d_150313_202636_fci_g_v1.fits.fz	0	PROCTYPE	MasterCal
fci/c4d_150313_203820_fci_u_v1.fits.fz	0	PROCTYPE	MasterCal
fcw/c4d_150216_194955_fcw_Y_v1.fits.fz	0	PROCTYPE	MasterCal
fcw/c4d_150216_195556_fcw_z_v1.fits.fz	0	PROCTYPE	MasterCal
fcw/c4d_150216_200851_fcw_i_v1.fits.fz	0	PROCTYPE	MasterCal
fcw/c4d_150216_201831_fcw_VR_v1.fits.fz	0	PROCTYPE	MasterCal
fcw/c4d_150216_202542_fcw_r_v1.fits.fz	0	PROCTYPE	MasterCal
fcw/c4d_150216_203319_fcw_g_v1.fits.fz	0	PROCTYPE	MasterCal
fcw/c4d_150216_204501_fcw_u_v1.fits.fz	0	PROCTYPE	MasterCal
fcw/c4d_150217_194154_fcw_Y_v1.fits.fz	0	PROCTYPE	MasterCal
fcw/c4d_150217_194754_fcw_z_v1.fits.fz	0	PROCTYPE	MasterCal
fcw/c4d_150217_200049_fcw_i_v1.fits.fz	0	PROCTYPE	MasterCal
fcw/c4d_150217_201029_fcw_VR_v1.fits.fz	0	PROCTYPE	MasterCal
fcw/c4d_150217_201742_fcw_r_v1.fits.fz	0	PROCTYPE	MasterCal
fcw/c4d_150217_202517_fcw_g_v1.fits.fz	0	PROCTYPE	MasterCal
fcw/c4d_150217_203700_fcw_u_v1.fits.fz	0	PROCTYPE	MasterCal
fcw/c4d_150218_192157_fcw_Y_v1.fits.fz	0	PROCTYPE	MasterCal
fcw/c4d_150218_192759_fcw_z_v1.fits.fz	0	PROCTYPE	MasterCal
fcw/c4d_150218_194059_fcw_i_v1.fits.fz	0	PROCTYPE	MasterCal
fcw/c4d_150218_195040_fcw_VR_v1.fits.fz	0	PROCTYPE	MasterCal
fcw/c4d_150218_195751_fcw_r_v1.fits.fz	0	PROCTYPE	MasterCal
fcw/c4d_150218_200522_fcw_g_v1.fits.fz	0	PROCTYPE	MasterCal
fcw/c4d_150218_201707_fcw_u_v1.fits.fz	0	PROCTYPE	MasterCal
fcw/c4d_150219_192853_fcw_Y_v1.fits.fz	0	PROCTYPE	MasterCal
fcw/c4d_150219_193454_fcw_z_v1.fits.fz	0	PROCTYPE	MasterCal
fcw/c4d_150219_194754_fcw_i_v1.fits.fz	0	PROCTYPE	MasterCal
fcw/c4d_150219_195731_fcw_VR_v1.fits.fz	0	PROCTYPE	MasterCal
fcw/c4d_150219_200443_fcw_r_v1.fits.fz	0	PROCTYPE	MasterCal
fcw/c4d_150219_201219_fcw_g_v1.fits.fz	0	PROCTYPE	MasterCal
fcw/c4d_150219_202402_fcw_u_v1.fits.fz	0	PROCTYPE	MasterCal
fcw/c4d_150220_192314_fcw_Y_v1.fits.fz	0	PROCTYPE	MasterCal
fcw/c4d_150220_192917_fcw_z_v1.fits.fz	0	PROCTYPE	MasterCal
fcw/c4d_150220_194212_fcw_i_v1.fits.fz	0	PROCTYPE	MasterCal
fcw/c4d_150220_195154_fcw_VR_v1.fits.fz	0	PROCTYPE	MasterCal
fcw/c4d_150220_195904_fcw_r_v1.fits.fz	0	PROCTYPE	MasterCal
fcw/c4d_150220_200641_fcw_g_v1.fits.fz	0	PROCTYPE	MasterCal
fcw/c4d_150220_201825_fcw_u_v1.fits.fz	0	PROCTYPE	MasterCal
fcw/c4d_150221_195537_fcw_Y_v1.fits.fz	0	PROCTYPE	MasterCal
fcw/c4d_150221_200138_fcw_z_v1.fits.fz	0	PROCTYPE	MasterCal
fcw/c4d_150221_201435_fcw_i_v1.fits.fz	0	PROCTYPE	MasterCal
fcw/c4d_150221_202414_fcw_VR_v1.fits.fz	0	PROCTYPE	MasterCal
fcw/c4d_150221_203125_fcw_r_v1.fits.fz	0	PROCTYPE	MasterCal
fcw/c4d_150221_203900_fcw_g_v1.fits.fz	0	PROCTYPE	MasterCal
fcw/c4d_150221_205042_fcw_u_v1.fits.fz	0	PROCTYPE	MasterCal
fcw/c4d_150223_190855_fcw_Y_v1.fits.fz	0	PROCTYPE	MasterCal
fcw/c4d_150223_191456_fcw_z_v1.fits.fz	0	PROCTYPE	MasterCal
fcw/c4d_150223_192759_fcw_i_v1.fits.fz	0	PROCTYPE	MasterCal
fcw/c4d_150223_193732_fcw_VR_v1.fits.fz	0	PROCTYPE	MasterCal
fcw/c4d_150223_194443_fcw_r_v1.fits.fz	0	PROCTYPE	MasterCal
fcw/c4d_150223_195222_fcw_g_v1.fits.fz	0	PROCTYPE	MasterCal
fcw/c4d_150223_200403_fcw_u_v1.fits.fz	0	PROCTYPE	MasterCal
fcw/c4d_150226_204656_fcw_u_v1.fits.fz	0	PROCTYPE	MasterCal
fcw/c4d_150226_210150_fcw_Y_v1.fits.fz	0	PROCTYPE	MasterCal
fcw/c4d_150226_210751_fcw_z_v1.fits.fz	0	PROCTYPE	MasterCal
fcw/c4d_150226_212047_fcw_i_v1.fits.fz	0	PROCTYPE	MasterCal
fcw/c4d_150226_213028_fcw_VR_v1.fits.fz	0	PROCTYPE	MasterCal
fcw/c4d_150226_213739_fcw_r_v1.fits.fz	0	PROCTYPE	MasterCal
fcw/c4d_150226_214514_fcw_g_v1.fits.fz	0	PROCTYPE	MasterCal
fcw/c4d_150313_194312_fcw_Y_v1.fits.fz	0	PROCTYPE	MasterCal
fcw/c4d_150313_194915_fcw_z_v1.fits.fz	0	PROCTYPE	MasterCal
fcw/c4d_150313_200208_fcw_i_v1.fits.fz	0	PROCTYPE	MasterCal
fcw/c4d_150313_201151_fcw_VR_v1.fits.fz	0	PROCTYPE	MasterCal
fcw/c4d_150313_201900_fcw_r_v1.fits.fz	0	PROCTYPE	MasterCal
fcw/c4d_150313_202636_fcw_g_v1.fits.fz	0	PROCTYPE	MasterCal
fcw/c4d_150313_203820_fcw_u_v1.fits.fz	0	PROCTYPE	MasterCal
fri/c4d_150216_194920_fri.fits.fz	0	PROCTYPE	RAW
fri/c4d_150216_194955_fri.fits.fz	0	PROCTYPE	RAW
fri/c4d_150216_195030_fri.fits.fz	0	PROCTYPE	RAW
fri/c4d_150216_195109_fri.fits.fz	0	PROCTYPE	RAW
fri/c4d_150216_195142_fri.fits.fz	0	PROCTYPE	RAW
fri/c4d_150216_195220_fri.fits.fz	0	PROCTYPE	RAW
fri/c4d_150216_195255_fri.fits.fz	0	PROCTYPE	RAW
fri/c4d_150216_195332_fri.fits.fz	0	PROCTYPE	RAW
fri/c4d_150216_195407_fri.fits.fz	0	PROCTYPE	RAW
fri/c4d_150216_195444_fri.fits.fz	0	PROCTYPE	RAW
fri/c4d_150216_195518_fri.fits.fz	0	PROCTYPE	RAW
fri/c4d_150216_195556_fri.fits.fz	0	PROCTYPE	RAW
fri/c4d_150216_195633_fri.fits.fz	0	PROCTYPE	RAW
fri/c4d_150216_195706_fri.fits.fz	0	PROCTYPE	RAW
fri/c4d_150216_195743_fri.fits.fz	0	PROCTYPE	RAW
fri/c4d_150216_195819_fri.fits.fz	0	PROCTYPE	RAW
fri/c4d_150216_195855_fri.fits.fz	0	PROCTYPE	RAW
fri/c4d_150216_195931_fri.fits.fz	0	PROCTYPE	RAW
fri/c4d_150216_200007_fri.fits.fz	0	PROCTYPE	RAW
fri/c4d_150216_200045_fri.fits.fz	0	PROCTYPE	RAW
fri/c4d_150216_200119_fri.fits.fz	0	PROCTYPE	RAW
fri/c4d_150216_200155_fri.fits.fz	0	PROCTYPE	RAW
fri/c4d_150216_200234_fri.fits.fz	0	PROCTYPE	RAW
fri/c4d_150216_200308_fri.fits.fz	0	PROCTYPE	RAW
fri/c4d_150216_200344_fri.fits.fz	0	PROCTYPE	RAW
fri/c4d_150216_200421_fri.fits.fz	0	PROCTYPE	RAW
fri/c4d_150216_200457_fri.fits.fz	0	PROCTYPE	RAW
fri/c4d_150216_200532_fri.fits.fz	0	PROCTYPE	RAW
fri/c4d_150216_200610_fri.fits.fz	0	PROCTYPE	RAW
fri/c4d_150216_200645_fri.fits.fz	0	PROCTYPE	RAW
fri/c4d_150216_200721_fri.fits.fz	0	PROCTYPE	RAW
fri/c4d_150216_200757_fri.fits.fz	0	PROCTYPE	RAW
fri/c4d_150216_200851_fri.fits.fz	0	PROCTYPE	RAW
fri/c4d_150216_200945_fri.fits.fz	0	PROCTYPE	RAW
fri/c4d_150216_201038_fri.fits.fz	0	PROCTYPE	RAW
fri/c4d_150216_201133_fri.fits.fz	0	PROCTYPE	RAW
fri/c4d_150216_201227_fri.fits.fz	0	PROCTYPE	RAW
fri/c4d_150216_201320_fri.fits.fz	0	PROCTYPE	RAW
fri/c4d_150216_201416_fri.fits.fz	0	PROCTYPE	RAW
fri/c4d_150216_201509_fri.fits.fz	0	PROCTYPE	RAW
fri/c4d_150216_201602_fri.fits.fz	0	PROCTYPE	RAW
fri/c4d_150216_201658_fri.fits.fz	0	PROCTYPE	RAW
fri/c4d_150216_201752_fri.fits.fz	0	PROCTYPE	RAW
fri/c4d_150216_201831_fri.fits.fz	0	PROCTYPE	RAW
fri/c4d_150216_201911_fri.fits.fz	0	PROCTYPE	RAW
fri/c4d_150216_201950_fri.fits.fz	0	PROCTYPE	RAW
fri/c4d_150216_202029_fri.fits.fz	0	PROCTYPE	RAW
fri/c4d_150216_202107_fri.fits.fz	0	PROCTYPE	RAW
fri/c4d_150216_202150_fri.fits.fz	0	PROCTYPE	RAW
fri/c4d_150216_202226_fri.fits.fz	0	PROCTYPE	RAW
fri/c4d_150216_202304_fri.fits.fz	0	PROCTYPE	RAW
fri/c4d_150216_202344_fri.fits.fz	0	PROCTYPE	RAW
fri/c4d_150216_202424_fri.fits.fz	0	PROCTYPE	RAW
fri/c4d_150216_202504_fri.fits.fz	0	PROCTYPE	RAW
fri/c4d_150216_202542_fri.fits.fz	0	PROCTYPE	RAW
fri/c4d_150216_202621_fri.fits.fz	0	PROCTYPE	RAW
fri/c4d_150216_202700_fri.fits.fz	0	PROCTYPE	RAW
fri/c4d_150216_202739_fri.fits.fz	0	PROCTYPE	RAW
fri/c4d_150216_202818_fri.fits.fz	0	PROCTYPE	RAW
fri/c4d_150216_202858_fri.fits.fz	0	PROCTYPE	RAW
fri/c4d_150216_202940_fri.fits.fz	0	PROCTYPE	RAW
fri/c4d_150216_203016_fri.fits.fz	0	PROCTYPE	RAW
fri/c4d_150216_203053_fri.fits.fz	0	PROCTYPE	RAW
fri/c4d_150216_203133_fri.fits.fz	0	PROCTYPE	RAW
fri/c4d_150216_203213_fri.fits.fz	0	PROCTYPE	RAW
fri/c4d_150216_203319_fri.fits.fz	0	PROCTYPE	RAW
fri/c4d_150216_203421_fri.fits.fz	0	PROCTYPE	RAW
fri/c4d_150216_203524_fri.fits.fz	0	PROCTYPE	RAW
fri/c4d_150216_203629_fri.fits.fz	0	PROCTYPE	RAW
fri/c4d_150216_203733_fri.fits.fz	0	PROCTYPE	RAW
fri/c4d_150216_203837_fri.fits.fz	0	PROCTYPE	RAW
fri/c4d_150216_203939_fri.fits.fz	0	PROCTYPE	RAW
fri/c4d_150216_204046_fri.fits.fz	0	PROCTYPE	RAW
fri/c4d_150216_204153_fri.fits.fz	0	PROCTYPE	RAW
fri/c4d_150216_204254_fri.fits.fz	0	PROCTYPE	RAW
fri/c4d_150216_204358_fri.fits.fz	0	PROCTYPE	RAW
fri/c4d_150216_204501_fri.fits.fz	0	PROCTYPE	RAW
fri/c4d_150216_204606_fri.fits.fz	0	PROCTYPE	RAW
fri/c4d_150216_204711_fri.fits.fz	0	PROCTYPE	RAW
fri/c4d_150216_204814_fri.fits.fz	0	PROCTYPE	RAW
fri/c4d_150216_204931_fri.fits.fz	0	PROCTYPE	RAW
fri/c4d_150216_205023_fri.fits.fz	0	PROCTYPE	RAW
fri/c4d_150216_205126_fri.fits.fz	0	PROCTYPE	RAW
fri/c4d_150216_205230_fri.fits.fz	0	PROCTYPE	RAW
fri/c4d_150216_205335_fri.fits.fz	0	PROCTYPE	RAW
fri/c4d_150216_205442_fri.fits.fz	0	PROCTYPE	RAW
fri/c4d_150216_205542_fri.fits.fz	0	PROCTYPE	RAW
fri/c4d_150217_194116_fri.fits.fz	0	PROCTYPE	RAW
fri/c4d_150217_194154_fri.fits.fz	0	PROCTYPE	RAW
fri/c4d_150217_194227_fri.fits.fz	0	PROCTYPE	RAW
fri/c4d_150217_194305_fri.fits.fz	0	PROCTYPE	RAW
fri/c4d_150217_194343_fri.fits.fz	0	PROCTYPE	RAW
fri/c4d_150217_194418_fri.fits.fz	0	PROCTYPE	RAW
fri/c4d_150217_194455_fri.fits.fz	0	PROCTYPE	RAW
fri/c4d_150217_194529_fri.fits.fz	0	PROCTYPE	RAW
fri/c4d_150217_194606_fri.fits.fz	0	PROCTYPE	RAW
fri/c4d_150217_194642_fri.fits.fz	0	PROCTYPE	RAW
fri/c4d_150217_194718_fri.fits.fz	0	PROCTYPE	RAW
fri/c4d_150217_194754_fri.fits.fz	0	PROCTYPE	RAW
fri/c4d_150217_194829_fri.fits.fz	0	PROCTYPE	RAW
fri/c4d_150217_194905_fri.fits.fz	0	PROCTYPE	RAW
fri/c4d_150217_194941_fri.fits.fz	0	PROCTYPE	RAW
fri/c4d_150217_195017_fri.fits.fz	0	PROCTYPE	RAW
fri/c4d_150217_195056_fri.fits.fz	0	PROCTYPE	RAW
fri/c4d_150217_195134_fri.fits.fz	0	PROCTYPE	RAW
fri/c4d_150217_195205_fri.fits.fz	0	PROCTYPE	RAW
fri/c4d_150217_195244_fri.fits.fz	0	PROCTYPE	RAW
fri/c4d_150217_195318_fri.fits.fz	0	PROCTYPE	RAW
fri/c4d_150217_195354_fri.fits.fz	0	PROCTYPE	RAW
fri/c4d_150217_195429_fri.fits.fz	0	PROCTYPE	RAW
fri/c4d_150217_195507_fri.fits.fz	0	PROCTYPE	RAW
fri/c4d_150217_195544_fri.fits.fz	0	PROCTYPE	RAW
fri/c4d_150217_195620_fri.fits.fz	0	PROCTYPE	RAW
fri/c4d_150217_195700_fri.fits.fz	0	PROCTYPE	RAW
fri/c4d_150217_195733_fri.fits.fz	0	PROCTYPE	RAW
fri/c4d_150217_195808_fri.fits.fz	0	PROCTYPE	RAW
fri/c4d_150217_195856_fri.fits.fz	0	PROCTYPE	RAW
fri/c4d_150217_195918_fri.fits.fz	0	PROCTYPE	RAW
fri/c4d_150217_195954_fri.fits.fz	0	PROCTYPE	RAW
fri/c4d_150217_200049_fri.fits.fz	0	PROCTYPE	RAW
fri/c4d_150217_200142_fri.fits.fz	0	PROCTYPE	RAW
fri/c4d_150217_200239_fri.fits.fz	0	PROCTYPE	RAW
fri/c4d_150217_200333_fri.fits.fz	0	PROCTYPE	RAW
fri/c4d_150217_200425_fri.fits.fz	0	PROCTYPE	RAW
fri/c4d_150217_200519_fri.fits.fz	0	PROCTYPE	RAW
fri/c4d_150217_200613_fri.fits.fz	0	PROCTYPE	RAW
fri/c4d_150217_200708_fri.fits.fz	0	PROCTYPE	RAW
fri/c4d_150217_200803_fri.fits.fz	0	PROCTYPE	RAW
fri/c4d_150217_200856_fri.fits.fz	0	PROCTYPE	RAW
fri/c4d_150217_200956_fri.fits.fz	0	PROCTYPE	RAW
fri/c4d_150217_201029_fri.fits.fz	0	PROCTYPE	RAW
fri/c4d_150217_201115_fri.fits.fz	0	PROCTYPE	RAW
fri/c4d_150217_201150_fri.fits.fz	0	PROCTYPE	RAW
fri/c4d_150217_201230_fri.fits.fz	0	PROCTYPE	RAW
fri/c4d_150217_201308_fri.fits.fz	0	PROCTYPE	RAW
fri/c4d_150217_201347_fri.fits.fz	0	PROCTYPE	RAW
fri/c4d_150217_201426_fri.fits.fz	0	PROCTYPE	RAW
fri/c4d_150217_201506_fri.fits.fz	0	PROCTYPE	RAW
fri/c4d_150217_201551_fri.fits.fz	0	PROCTYPE	RAW
fri/c4d_150217_201625_fri.fits.fz	0	PROCTYPE	RAW
fri/c4d_150217_201703_fri.fits.fz	0	PROCTYPE	RAW
fri/c4d_150217_201742_fri.fits.fz	0	PROCTYPE	RAW
fri/c4d_150217_201819_fri.fits.fz	0	PROCTYPE	RAW
fri/c4d_150217_201902_fri.fits.fz	0	PROCTYPE	RAW
fri/c4d_150217_201938_fri.fits.fz	0	PROCTYPE	RAW
fri/c4d_150217_202016_fri.fits.fz	0	PROCTYPE	RAW
fri/c4d_150217_202057_fri.fits.fz	0	PROCTYPE	RAW
fri/c4d_150217_202134_fri.fits.fz	0	PROCTYPE	RAW
fri/c4d_150217_202216_fri.fits.fz	0	PROCTYPE	RAW
fri/c4d_150217_202258_fri.fits.fz	0	PROCTYPE	RAW
fri/c4d_150217_202334_fri.fits.fz	0	PROCTYPE	RAW
fri/c4d_150217_202412_fri.fits.fz	0	PROCTYPE	RAW
fri/c4d_150217_202517_fri.fits.fz	0	PROCTYPE	RAW
fri/c4d_150217_202625_fri.fits.fz	0	PROCTYPE	RAW
fri/c4d_150217_202723_fri.fits.fz	0	PROCTYPE	RAW
fri/c4d_150217_202829_fri.fits.fz	0	PROCTYPE	RAW
fri/c4d_150217_202931_fri.fits.fz	0	PROCTYPE	RAW
fri/c4d_150217_203037_fri.fits.fz	0	PROCTYPE	RAW
fri/c4d_150217_203141_fri.fits.fz	0	PROCTYPE	RAW
fri/c4d_150217_203248_fri.fits.fz	0	PROCTYPE	RAW
fri/c4d_150217_203348_fri.fits.fz	0	PROCTYPE	RAW
fri/c4d_150217_203454_fri.fits.fz	0	PROCTYPE	RAW
fri/c4d_150217_203556_fri.fits.fz	0	PROCTYPE	RAW
fri/c4d_150217_203700_fri.fits.fz	0	PROCTYPE	RAW
fri/c4d_150217_203805_fri.fits.fz	0	PROCTYPE	RAW
fri/c4d_150217_203907_fri.fits.fz	0	PROCTYPE	RAW
fri/c4d_150217_204014_fri.fits.fz	0	PROCTYPE	RAW
fri/c4d_150217_204118_fri.fits.fz	0	PROCTYPE	RAW
fri/c4d_150217_204222_fri.fits.fz	0	PROCTYPE	RAW
fri/c4d_150217_204324_fri.fits.fz	0	PROCTYPE	RAW
fri/c4d_150217_204430_fri.fits.fz	0	PROCTYPE	RAW
fri/c4d_150217_204535_fri.fits.fz	0	PROCTYPE	RAW
fri/c4d_150217_204639_fri.fits.fz	0	PROCTYPE	RAW
fri/c4d_150217_204744_fri.fits.fz	0	PROCTYPE	RAW
fri/c4d_150218_192123_fri.fits.fz	0	PROCTYPE	RAW
fri/c4d_150218_192157_fri.fits.fz	0	PROCTYPE	RAW
fri/c4d_150218_192234_fri.fits.fz	0	PROCTYPE	RAW
fri/c4d_150218_192311_fri.fits.fz	0	PROCTYPE	RAW
fri/c4d_150218_192346_fri.fits.fz	0	PROCTYPE	RAW
fri/c4d_150218_192422_fri.fits.fz	0	PROCTYPE	RAW
fri/c4d_150218_192458_fri.fits.fz	0	PROCTYPE	RAW
fri/c4d_150218_192535_fri.fits.fz	0	PROCTYPE	RAW
fri/c4d_150218_192610_fri.fits.fz	0	PROCTYPE	RAW
fri/c4d_150218_192646_fri.fits.fz	0	PROCTYPE	RAW
fri/c4d_150218_192723_fri.fits.fz	0	PROCTYPE	RAW
fri/c4d_150218_192759_fri.fits.fz	0	PROCTYPE	RAW
fri/c4d_150218_192835_fri.fits.fz	0	PROCTYPE	RAW
fri/c4d_150218_192912_fri.fits.fz	0	PROCTYPE	RAW
fri/c4d_150218_192947_fri.fits.fz	0	PROCTYPE	RAW
fri/c4d_150218_193023_fri.fits.fz	0	PROCTYPE	RAW
fri/c4d_150218_193101_fri.fits.fz	0	PROCTYPE	RAW
fri/c4d_150218_193137_fri.fits.fz	0	PROCTYPE	RAW
fri/c4d_150218_193214_fri.fits.fz	0	PROCTYPE	RAW
fri/c4d_150218_193247_fri.fits.fz	0	PROCTYPE	RAW
fri/c4d_150218_193326_fri.fits.fz	0	PROCTYPE	RAW
fri/c4d_150218_193403_fri.fits.fz	0	PROCTYPE	RAW
fri/c4d_150218_193439_fri.fits.fz	0	PROCTYPE	RAW
fri/c4d_150218_193514_fri.fits.fz	0	PROCTYPE	RAW
fri/c4d_150218_193551_fri.fits.fz	0	PROCTYPE	RAW
fri/c4d_150218_193626_fri.fits.fz	0	PROCTYPE	RAW
fri/c4d_150218_193702_fri.fits.fz	0	PROCTYPE	RAW
fri/c4d_150218_193739_fri.fits.fz	0	PROCTYPE	RAW
fri/c4d_150218_193814_fri.fits.fz	0	PROCTYPE	RAW
fri/c4d_150218_193851_fri.fits.fz	0	PROCTYPE	RAW
fri/c4d_150218_193926_fri.fits.fz	0	PROCTYPE	RAW
fri/c4d_150218_194002_fri.fits.fz	0	PROCTYPE	RAW
fri/c4d_150218_194059_fri.fits.fz	0	PROCTYPE	RAW
fri/c4d_150218_194152_fri.fits.fz	0	PROCTYPE	RAW
fri/c4d_150218_194245_fri.fits.fz	0	PROCTYPE	RAW
fri/c4d_150218_194339_fri.fits.fz	0	PROCTYPE	RAW
fri/c4d_150218_194432_fri.fits.fz	0	PROCTYPE	RAW
fri/c4d_150218_194529_fri.fits.fz	0	PROCTYPE	RAW
fri/c4d_150218_194619_fri.fits.fz	0	PROCTYPE	RAW
fri/c4d_150218_194715_fri.fits.fz	0	PROCTYPE	RAW
fri/c4d_150218_194807_fri.fits.fz	0	PROCTYPE	RAW
fri/c4d_150218_194902_fri.fits.fz	0	PROCTYPE	RAW
fri/c4d_150218_194958_fri.fits.fz	0	PROCTYPE	RAW
fri/c4d_150218_195040_fri.fits.fz	0	PROCTYPE	RAW
fri/c4d_150218_195116_fri.fits.fz	0	PROCTYPE	RAW
fri/c4d_150218_195154_fri.fits.fz	0	PROCTYPE	RAW
fri/c4d_150218_195235_fri.fits.fz	0	PROCTYPE	RAW
fri/c4d_150218_195316_fri.fits.fz	0	PROCTYPE	RAW
fri/c4d_150218_195352_fri.fits.fz	0	PROCTYPE	RAW
fri/c4d_150218_195433_fri.fits.fz	0	PROCTYPE	RAW
fri/c4d_150218_195511_fri.fits.fz	0	PROCTYPE	RAW
fri/c4d_150218_195550_fri.fits.fz	0	PROCTYPE	RAW
fri/c4d_150218_195627_fri.fits.fz	0	PROCTYPE	RAW
fri/c4d_150218_195709_fri.fits.fz	0	PROCTYPE	RAW
fri/c4d_150218_195751_fri.fits.fz	0	PROCTYPE	RAW
fri/c4d_150218_195827_fri.fits.fz	0	PROCTYPE	RAW
fri/c4d_150218_195905_fri.fits.fz	0	PROCTYPE	RAW
fri/c4d_150218_195948_fri.fits.fz	0	PROCTYPE	RAW
fri/c4d_150218_200024_fri.fits.fz	0	PROCTYPE	RAW
fri/c4d_150218_200101_fri.fits.fz	0	PROCTYPE	RAW
fri/c4d_150218_200142_fri.fits.fz	0	PROCTYPE	RAW
fri/c4d_150218_200219_fri.fits.fz	0	PROCTYPE	RAW
fri/c4d_150218_200307_fri.fits.fz	0	PROCTYPE	RAW
fri/c4d_150218_200337_fri.fits.fz	0	PROCTYPE	RAW
fri/c4d_150218_200416_fri.fits.fz	0	PROCTYPE	RAW
fri/c4d_150218_200522_fri.fits.fz	0	PROCTYPE	RAW
fri/c4d_150218_200626_fri.fits.fz	0	PROCTYPE	RAW
fri/c4d_150218_200740_fri.fits.fz	0	PROCTYPE	RAW
fri/c4d_150218_200837_fri.fits.fz	0	PROCTYPE	RAW
fri/c4d_150218_200939_fri.fits.fz	0	PROCTYPE	RAW
fri/c4d_150218_201042_fri.fits.fz	0	PROCTYPE	RAW
fri/c4d_150218_201146_fri.fits.fz	0	PROCTYPE	RAW
fri/c4d_150218_201251_fri.fits.fz	0	PROCTYPE	RAW
fri/c4d_150218_201354_fri.fits.fz	0	PROCTYPE	RAW
fri/c4d_150218_201459_fri.fits.fz	0	PROCTYPE	RAW
fri/c4d_150218_201604_fri.fits.fz	0	PROCTYPE	RAW
fri/c4d_150218_201707_fri.fits.fz	0	PROCTYPE	RAW
fri/c4d_150218_201810_fri.fits.fz	0	PROCTYPE	RAW
fri/c4d_150218_201913_fri.fits.fz	0	PROCTYPE	RAW
fri/c4d_150218_202018_fri.fits.fz	0	PROCTYPE	RAW
fri/c4d_150218_202122_fri.fits.fz	0	PROCTYPE	RAW
fri/c4d_150218_202225_fri.fits.fz	0	PROCTYPE	RAW
fri/c4d_150218_202332_fri.fits.fz	0	PROCTYPE	RAW
fri/c4d_150218_202435_fri.fits.fz	0	PROCTYPE	RAW
fri/c4d_150218_202538_fri.fits.fz	0	PROCTYPE	RAW
fri/c4d_150218_202641_fri.fits.fz	0	PROCTYPE	RAW
fri/c4d_150218_202747_fri.fits.fz	0	PROCTYPE	RAW
fri/c4d_150219_192817_fri.fits.fz	0	PROCTYPE	RAW
fri/c4d_150219_192853_fri.fits.fz	0	PROCTYPE	RAW
fri/c4d_150219_192930_fri.fits.fz	0	PROCTYPE	RAW
fri/c4d_150219_193005_fri.fits.fz	0	PROCTYPE	RAW
fri/c4d_150219_193041_fri.fits.fz	0	PROCTYPE	RAW
fri/c4d_150219_193117_fri.fits.fz	0	PROCTYPE	RAW
fri/c4d_150219_193154_fri.fits.fz	0	PROCTYPE	RAW
fri/c4d_150219_193229_fri.fits.fz	0	PROCTYPE	RAW
fri/c4d_150219_193306_fri.fits.fz	0	PROCTYPE	RAW
fri/c4d_150219_193341_fri.fits.fz	0	PROCTYPE	RAW
fri/c4d_150219_193418_fri.fits.fz	0	PROCTYPE	RAW
fri/c4d_150219_193454_fri.fits.fz	0	PROCTYPE	RAW
fri/c4d_150219_193532_fri.fits.fz	0	PROCTYPE	RAW
fri/c4d_150219_193609_fri.fits.fz	0	PROCTYPE	RAW
fri/c4d_150219_193644_fri.fits.fz	0	PROCTYPE	RAW
fri/c4d_150219_193721_fri.fits.fz	0	PROCTYPE	RAW
fri/c4d_150219_193757_fri.fits.fz	0	PROCTYPE	RAW
fri/c4d_150219_193833_fri.fits.fz	0	PROCTYPE	RAW
fri/c4d_150219_193907_fri.fits.fz	0	PROCTYPE	RAW
fri/c4d_150219_193943_fri.fits.fz	0	PROCTYPE	RAW
fri/c4d_150219_194020_fri.fits.fz	0	PROCTYPE	RAW
fri/c4d_150219_194056_fri.fits.fz	0	PROCTYPE	RAW
fri/c4d_150219_194131_fri.fits.fz	0	PROCTYPE	RAW
fri/c4d_150219_194208_fri.fits.fz	0	PROCTYPE	RAW
fri/c4d_150219_194245_fri.fits.fz	0	PROCTYPE	RAW
fri/c4d_150219_194320_fri.fits.fz	0	PROCTYPE	RAW
fri/c4d_150219_194356_fri.fits.fz	0	PROCTYPE	RAW
fri/c4d_150219_194432_fri.fits.fz	0	PROCTYPE	RAW
fri/c4d_150219_194510_fri.fits.fz	0	PROCTYPE	RAW
fri/c4d_150219_194549_fri.fits.fz	0	PROCTYPE	RAW
fri/c4d_150219_194622_fri.fits.fz	0	PROCTYPE	RAW
fri/c4d_150219_194658_fri.fits.fz	0	PROCTYPE	RAW
fri/c4d_150219_194754_fri.fits.fz	0	PROCTYPE	RAW
fri/c4d_150219_194845_fri.fits.fz	0	PROCTYPE	RAW
fri/c4d_150219_194940_fri.fits.fz	0	PROCTYPE	RAW
fri/c4d_150219_195034_fri.fits.fz	0	PROCTYPE	RAW
fri/c4d_150219_195130_fri.fits.fz	0	PROCTYPE	RAW
fri/c4d_150219_195221_fri.fits.fz	0	PROCTYPE	RAW
fri/c4d_150219_195317_fri.fits.fz	0	PROCTYPE	RAW
fri/c4d_150219_195410_fri.fits.fz	0	PROCTYPE	RAW
fri/c4d_150219_195503_fri.fits.fz	0	PROCTYPE	RAW
fri/c4d_150219_195557_fri.fits.fz	0	PROCTYPE	RAW
fri/c4d_150219_195654_fri.fits.fz	0	PROCTYPE	RAW
fri/c4d_150219_195731_fri.fits.fz	0	PROCTYPE	RAW
fri/c4d_150219_195812_fri.fits.fz	0	PROCTYPE	RAW
fri/c4d_150219_195849_fri.fits.fz	0	PROCTYPE	RAW
fri/c4d_150219_195931_fri.fits.fz	0	PROCTYPE	RAW
fri/c4d_150219_200009_fri.fits.fz	0	PROCTYPE	RAW
fri/c4d_150219_200048_fri.fits.fz	0	PROCTYPE	RAW
fri/c4d_150219_200128_fri.fits.fz	0	PROCTYPE	RAW
fri/c4d_150219_200206_fri.fits.fz	0	PROCTYPE	RAW
fri/c4d_150219_200245_fri.fits.fz	0	PROCTYPE	RAW
fri/c4d_150219_200328_fri.fits.fz	0	PROCTYPE	RAW
fri/c4d_150219_200405_fri.fits.fz	0	PROCTYPE	RAW
fri/c4d_150219_200443_fri.fits.fz	0	PROCTYPE	RAW
fri/c4d_150219_200523_fri.fits.fz	0	PROCTYPE	RAW
fri/c4d_150219_200600_fri.fits.fz	0	PROCTYPE	RAW
fri/c4d_150219_200650_fri.fits.fz	0	PROCTYPE	RAW
fri/c4d_150219_200718_fri.fits.fz	0	PROCTYPE	RAW
fri/c4d_150219_200758_fri.fits.fz	0	PROCTYPE	RAW
fri/c4d_150219_200838_fri.fits.fz	0	PROCTYPE	RAW
fri/c4d_150219_200917_fri.fits.fz	0	PROCTYPE	RAW
fri/c4d_150219_200956_fri.fits.fz	0	PROCTYPE	RAW
fri/c4d_150219_201035_fri.fits.fz	0	PROCTYPE	RAW
fri/c4d_150219_201117_fri.fits.fz	0	PROCTYPE	RAW
fri/c4d_150219_201219_fri.fits.fz	0	PROCTYPE	RAW
fri/c4d_150219_201322_fri.fits.fz	0	PROCTYPE	RAW
fri/c4d_150219_201428_fri.fits.fz	0	PROCTYPE	RAW
fri/c4d_150219_201530_fri.fits.fz	0	PROCTYPE	RAW
fri/c4d_150219_201634_fri.fits.fz	0	PROCTYPE	RAW
fri/c4d_150219_201738_fri.fits.fz	0	PROCTYPE	RAW
fri/c4d_150219_201842_fri.fits.fz	0	PROCTYPE	RAW
fri/c4d_150219_201947_fri.fits.fz	0	PROCTYPE	RAW
fri/c4d_150219_202051_fri.fits.fz	0	PROCTYPE	RAW
fri/c4d_150219_202155_fri.fits.fz	0	PROCTYPE	RAW
fri/c4d_150219_202259_fri.fits.fz	0	PROCTYPE	RAW
fri/c4d_150219_202402_fri.fits.fz	0	PROCTYPE	RAW
fri/c4d_150219_202506_fri.fits.fz	0	PROCTYPE	RAW
fri/c4d_150219_202610_fri.fits.fz	0	PROCTYPE	RAW
fri/c4d_150219_202716_fri.fits.fz	0	PROCTYPE	RAW
fri/c4d_150219_202818_fri.fits.fz	0	PROCTYPE	RAW
fri/c4d_150219_202924_fri.fits.fz	0	PROCTYPE	RAW
fri/c4d_150219_203031_fri.fits.fz	0	PROCTYPE	RAW
fri/c4d_150219_203132_fri.fits.fz	0	PROCTYPE	RAW
fri/c4d_150219_203235_fri.fits.fz	0	PROCTYPE	RAW
fri/c4d_150219_203339_fri.fits.fz	0	PROCTYPE	RAW
fri/c4d_150219_203446_fri.fits.fz	0	PROCTYPE	RAW
fri/c4d_150220_192239_fri.fits.fz	0	PROCTYPE	RAW
fri/c4d_150220_192314_fri.fits.fz	0	PROCTYPE	RAW
fri/c4d_150220_192350_fri.fits.fz	0	PROCTYPE	RAW
fri/c4d_150220_192426_fri.fits.fz	0	PROCTYPE	RAW
fri/c4d_150220_192501_fri.fits.fz	0	PROCTYPE	RAW
fri/c4d_150220_192538_fri.fits.fz	0	PROCTYPE	RAW
fri/c4d_150220_192616_fri.fits.fz	0	PROCTYPE	RAW
fri/c4d_150220_192652_fri.fits.fz	0	PROCTYPE	RAW
fri/c4d_150220_192729_fri.fits.fz	0	PROCTYPE	RAW
fri/c4d_150220_192803_fri.fits.fz	0	PROCTYPE	RAW
fri/c4d_150220_192840_fri.fits.fz	0	PROCTYPE	RAW
fri/c4d_150220_192917_fri.fits.fz	0	PROCTYPE	RAW
fri/c4d_150220_192951_fri.fits.fz	0	PROCTYPE	RAW
fri/c4d_150220_193028_fri.fits.fz	0	PROCTYPE	RAW
fri/c4d_150220_193106_fri.fits.fz	0	PROCTYPE	RAW
fri/c4d_150220_193141_fri.fits.fz	0	PROCTYPE	RAW
fri/c4d_150220_193218_fri.fits.fz	0	PROCTYPE	RAW
fri/c4d_150220_193254_fri.fits.fz	0	PROCTYPE	RAW
fri/c4d_150220_193328_fri.fits.fz	0	PROCTYPE	RAW
fri/c4d_150220_193404_fri.fits.fz	0	PROCTYPE	RAW
fri/c4d_150220_193440_fri.fits.fz	0	PROCTYPE	RAW
fri/c4d_150220_193519_fri.fits.fz	0	PROCTYPE	RAW
fri/c4d_150220_193555_fri.fits.fz	0	PROCTYPE	RAW
fri/c4d_150220_193631_fri.fits.fz	0	PROCTYPE	RAW
fri/c4d_150220_193706_fri.fits.fz	0	PROCTYPE	RAW
fri/c4d_150220_193744_fri.fits.fz	0	PROCTYPE	RAW
fri/c4d_150220_193821_fri.fits.fz	0	PROCTYPE	RAW
fri/c4d_150220_193853_fri.fits.fz	0	PROCTYPE	RAW
fri/c4d_150220_193930_fri.fits.fz	0	PROCTYPE	RAW
fri/c4d_150220_194006_fri.fits.fz	0	PROCTYPE	RAW
fri/c4d_150220_194044_fri.fits.fz	0	PROCTYPE	RAW
fri/c4d_150220_194121_fri.fits.fz	0	PROCTYPE	RAW
fri/c4d_150220_194212_fri.fits.fz	0	PROCTYPE	RAW
fri/c4d_150220_194305_fri.fits.fz	0	PROCTYPE	RAW
fri/c4d_150220_194400_fri.fits.fz	0	PROCTYPE	RAW
fri/c4d_150220_194455_fri.fits.fz	0	PROCTYPE	RAW
fri/c4d_150220_194550_fri.fits.fz	0	PROCTYPE	RAW
fri/c4d_150220_194647_fri.fits.fz	0	PROCTYPE	RAW
fri/c4d_150220_194739_fri.fits.fz	0	PROCTYPE	RAW
fri/c4d_150220_194833_fri.fits.fz	0	PROCTYPE	RAW
fri/c4d_150220_194927_fri.fits.fz	0	PROCTYPE	RAW
fri/c4d_150220_195024_fri.fits.fz	0	PROCTYPE	RAW
fri/c4d_150220_195115_fri.fits.fz	0	PROCTYPE	RAW
fri/c4d_150220_195154_fri.fits.fz	0	PROCTYPE	RAW
fri/c4d_150220_195233_fri.fits.fz	0	PROCTYPE	RAW
fri/c4d_150220_195312_fri.fits.fz	0	PROCTYPE	RAW
fri/c4d_150220_195352_fri.fits.fz	0	PROCTYPE	RAW
fri/c4d_150220_195431_fri.fits.fz	0	PROCTYPE	RAW
fri/c4d_150220_195509_fri.fits.fz	0	PROCTYPE	RAW
fri/c4d_150220_195548_fri.fits.fz	0	PROCTYPE	RAW
fri/c4d_150220_195633_fri.fits.fz	0	PROCTYPE	RAW
fri/c4d_150220_195709_fri.fits.fz	0	PROCTYPE	RAW
fri/c4d_150220_195746_fri.fits.fz	0	PROCTYPE	RAW
fri/c4d_150220_195825_fri.fits.fz	0	PROCTYPE	RAW
fri/c4d_150220_195904_fri.fits.fz	0	PROCTYPE	RAW
fri/c4d_150220_195945_fri.fits.fz	0	PROCTYPE	RAW
fri/c4d_150220_200023_fri.fits.fz	0	PROCTYPE	RAW
fri/c4d_150220_200102_fri.fits.fz	0	PROCTYPE	RAW
fri/c4d_150220_200141_fri.fits.fz	0	PROCTYPE	RAW
fri/c4d_150220_200220_fri.fits.fz	0	PROCTYPE	RAW
fri/c4d_150220_200259_fri.fits.fz	0	PROCTYPE	RAW
fri/c4d_150220_200338_fri.fits.fz	0	PROCTYPE	RAW
fri/c4d_150220_200418_fri.fits.fz	0	PROCTYPE	RAW
fri/c4d_150220_200456_fri.fits.fz	0	PROCTYPE	RAW
fri/c4d_150220_200535_fri.fits.fz	0	PROCTYPE	RAW
fri/c4d_150220_200641_fri.fits.fz	0	PROCTYPE	RAW
fri/c4d_150220_200744_fri.fits.fz	0	PROCTYPE	RAW
fri/c4d_150220_200848_fri.fits.fz	0	PROCTYPE	RAW
fri/c4d_150220_200951_fri.fits.fz	0	PROCTYPE	RAW
fri/c4d_150220_201053_fri.fits.fz	0	PROCTYPE	RAW
fri/c4d_150220_201159_fri.fits.fz	0	PROCTYPE	RAW
fri/c4d_150220_201307_fri.fits.fz	0	PROCTYPE	RAW
fri/c4d_150220_201406_fri.fits.fz	0	PROCTYPE	RAW
fri/c4d_150220_201512_fri.fits.fz	0	PROCTYPE	RAW
fri/c4d_150220_201617_fri.fits.fz	0	PROCTYPE	RAW
fri/c4d_150220_201722_fri.fits.fz	0	PROCTYPE	RAW
fri/c4d_150220_201825_fri.fits.fz	0	PROCTYPE	RAW
fri/c4d_150220_201929_fri.fits.fz	0	PROCTYPE	RAW
fri/c4d_150220_202033_fri.fits.fz	0	PROCTYPE	RAW
fri/c4d_150220_202137_fri.fits.fz	0	PROCTYPE	RAW
fri/c4d_150220_202241_fri.fits.fz	0	PROCTYPE	RAW
fri/c4d_150220_202345_fri.fits.fz	0	PROCTYPE	RAW
fri/c4d_150220_202449_fri.fits.fz	0	PROCTYPE	RAW
fri/c4d_150220_202554_fri.fits.fz	0	PROCTYPE	RAW
fri/c4d_150220_202656_fri.fits.fz	0	PROCTYPE	RAW
fri/c4d_150220_202801_fri.fits.fz	0	PROCTYPE	RAW
fri/c4d_150220_202904_fri.fits.fz	0	PROCTYPE	RAW
fri/c4d_150221_195501_fri.fits.fz	0	PROCTYPE	RAW
fri/c4d_150221_195537_fri.fits.fz	0	PROCTYPE	RAW
fri/c4d_150221_195613_fri.fits.fz	0	PROCTYPE	RAW
fri/c4d_150221_195649_fri.fits.fz	0	PROCTYPE	RAW
fri/c4d_150221_195725_fri.fits.fz	0	PROCTYPE	RAW
fri/c4d_150221_195802_fri.fits.fz	0	PROCTYPE	RAW
fri/c4d_150221_195838_fri.fits.fz	0	PROCTYPE	RAW
fri/c4d_150221_195913_fri.fits.fz	0	PROCTYPE	RAW
fri/c4d_150221_195950_fri.fits.fz	0	PROCTYPE	RAW
fri/c4d_150221_200025_fri.fits.fz	0	PROCTYPE	RAW
fri/c4d_150221_200101_fri.fits.fz	0	PROCTYPE	RAW
fri/c4d_150221_200138_fri.fits.fz	0	PROCTYPE	RAW
fri/c4d_150221_200214_fri.fits.fz	0	PROCTYPE	RAW
fri/c4d_150221_200250_fri.fits.fz	0	PROCTYPE	RAW
fri/c4d_150221_200326_fri.fits.fz	0	PROCTYPE	RAW
fri/c4d_150221_200403_fri.fits.fz	0	PROCTYPE	RAW
fri/c4d_150221_200439_fri.fits.fz	0	PROCTYPE	RAW
fri/c4d_150221_200513_fri.fits.fz	0	PROCTYPE	RAW
fri/c4d_150221_200551_fri.fits.fz	0	PROCTYPE	RAW
fri/c4d_150221_200625_fri.fits.fz	0	PROCTYPE	RAW
fri/c4d_150221_200701_fri.fits.fz	0	PROCTYPE	RAW
fri/c4d_150221_200739_fri.fits.fz	0	PROCTYPE	RAW
fri/c4d_150221_200813_fri.fits.fz	0	PROCTYPE	RAW
fri/c4d_150221_200850_fri.fits.fz	0	PROCTYPE	RAW
fri/c4d_150221_200931_fri.fits.fz	0	PROCTYPE	RAW
fri/c4d_150221_201003_fri.fits.fz	0	PROCTYPE	RAW
fri/c4d_150221_201040_fri.fits.fz	0	PROCTYPE	RAW
fri/c4d_150221_201116_fri.fits.fz	0	PROCTYPE	RAW
fri/c4d_150221_201151_fri.fits.fz	0	PROCTYPE	RAW
fri/c4d_150221_201231_fri.fits.fz	0	PROCTYPE	RAW
fri/c4d_150221_201302_fri.fits.fz	0	PROCTYPE	RAW
fri/c4d_150221_201339_fri.fits.fz	0	PROCTYPE	RAW
fri/c4d_150221_201435_fri.fits.fz	0	PROCTYPE	RAW
fri/c4d_150221_201526_fri.fits.fz	0	PROCTYPE	RAW
fri/c4d_150221_201622_fri.fits.fz	0	PROCTYPE	RAW
fri/c4d_150221_201714_fri.fits.fz	0	PROCTYPE	RAW
fri/c4d_150221_201809_fri.fits.fz	0	PROCTYPE	RAW
fri/c4d_150221_201903_fri.fits.fz	0	PROCTYPE	RAW
fri/c4d_150221_201958_fri.fits.fz	0	PROCTYPE	RAW
fri/c4d_150221_202051_fri.fits.fz	0	PROCTYPE	RAW
fri/c4d_150221_202145_fri.fits.fz	0	PROCTYPE	RAW
fri/c4d_150221_202239_fri.fits.fz	0	PROCTYPE	RAW
fri/c4d_150221_202334_fri.fits.fz	0	PROCTYPE	RAW
fri/c4d_150221_202414_fri.fits.fz	0	PROCTYPE	RAW
fri/c4d_150221_202451_fri.fits.fz	0	PROCTYPE	RAW
fri/c4d_150221_202533_fri.fits.fz	0	PROCTYPE	RAW
fri/c4d_150221_202612_fri.fits.fz	0	PROCTYPE	RAW
fri/c4d_150221_202651_fri.fits.fz	0	PROCTYPE	RAW
fri/c4d_150221_202730_fri.fits.fz	0	PROCTYPE	RAW
fri/c4d_150221_202813_fri.fits.fz	0	PROCTYPE	RAW
fri/c4d_150221_202849_fri.fits.fz	0	PROCTYPE	RAW
fri/c4d_150221_202927_fri.fits.fz	0	PROCTYPE	RAW
fri/c4d_150221_203006_fri.fits.fz	0	PROCTYPE	RAW
fri/c4d_150221_203048_fri.fits.fz	0	PROCTYPE	RAW
fri/c4d_150221_203125_fri.fits.fz	0	PROCTYPE	RAW
fri/c4d_150221_203204_fri.fits.fz	0	PROCTYPE	RAW
fri/c4d_150221_203243_fri.fits.fz	0	PROCTYPE	RAW
fri/c4d_150221_203322_fri.fits.fz	0	PROCTYPE	RAW
fri/c4d_150221_203401_fri.fits.fz	0	PROCTYPE	RAW
fri/c4d_150221_203440_fri.fits.fz	0	PROCTYPE	RAW
fri/c4d_150221_203517_fri.fits.fz	0	PROCTYPE	RAW
fri/c4d_150221_203559_fri.fits.fz	0	PROCTYPE	RAW
fri/c4d_150221_203638_fri.fits.fz	0	PROCTYPE	RAW
fri/c4d_150221_203717_fri.fits.fz	0	PROCTYPE	RAW
fri/c4d_150221_203756_fri.fits.fz	0	PROCTYPE	RAW
fri/c4d_150221_203900_fri.fits.fz	0	PROCTYPE	RAW
fri/c4d_150221_204004_fri.fits.fz	0	PROCTYPE	RAW
fri/c4d_150221_204108_fri.fits.fz	0	PROCTYPE	RAW
fri/c4d_150221_204212_fri.fits.fz	0	PROCTYPE	RAW
fri/c4d_150221_204319_fri.fits.fz	0	PROCTYPE	RAW
fri/c4d_150221_204422_fri.fits.fz	0	PROCTYPE	RAW
fri/c4d_150221_204523_fri.fits.fz	0	PROCTYPE	RAW
fri/c4d_150221_204629_fri.fits.fz	0	PROCTYPE	RAW
fri/c4d_150221_204732_fri.fits.fz	0	PROCTYPE	RAW
fri/c4d_150221_204840_fri.fits.fz	0	PROCTYPE	RAW
fri/c4d_150221_204939_fri.fits.fz	0	PROCTYPE	RAW
fri/c4d_150221_205042_fri.fits.fz	0	PROCTYPE	RAW
fri/c4d_150221_205146_fri.fits.fz	0	PROCTYPE	RAW
fri/c4d_150221_205250_fri.fits.fz	0	PROCTYPE	RAW
fri/c4d_150221_205358_fri.fits.fz	0	PROCTYPE	RAW
fri/c4d_150221_205501_fri.fits.fz	0	PROCTYPE	RAW
fri/c4d_150221_205603_fri.fits.fz	0	PROCTYPE	RAW
fri/c4d_150221_205706_fri.fits.fz	0	PROCTYPE	RAW
fri/c4d_150221_205810_fri.fits.fz	0	PROCTYPE	RAW
fri/c4d_150221_205915_fri.fits.fz	0	PROCTYPE	RAW
fri/c4d_150221_210019_fri.fits.fz	0	PROCTYPE	RAW
fri/c4d_150221_210125_fri.fits.fz	0	PROCTYPE	RAW
fri/c4d_150223_190817_fri.fits.fz	0	PROCTYPE	RAW
fri/c4d_150223_190855_fri.fits.fz	0	PROCTYPE	RAW
fri/c4d_150223_190929_fri.fits.fz	0	PROCTYPE	RAW
fri/c4d_150223_191007_fri.fits.fz	0	PROCTYPE	RAW
fri/c4d_150223_191042_fri.fits.fz	0	PROCTYPE	RAW
fri/c4d_150223_191118_fri.fits.fz	0	PROCTYPE	RAW
fri/c4d_150223_191157_fri.fits.fz	0	PROCTYPE	RAW
fri/c4d_150223_191233_fri.fits.fz	0	PROCTYPE	RAW
fri/c4d_150223_191310_fri.fits.fz	0	PROCTYPE	RAW
fri/c4d_150223_191345_fri.fits.fz	0	PROCTYPE	RAW
fri/c4d_150223_191421_fri.fits.fz	0	PROCTYPE	RAW
fri/c4d_150223_191456_fri.fits.fz	0	PROCTYPE	RAW
fri/c4d_150223_191534_fri.fits.fz	0	PROCTYPE	RAW
fri/c4d_150223_191608_fri.fits.fz	0	PROCTYPE	RAW
fri/c4d_150223_191646_fri.fits.fz	0	PROCTYPE	RAW
fri/c4d_150223_191722_fri.fits.fz	0	PROCTYPE	RAW
fri/c4d_150223_191800_fri.fits.fz	0	PROCTYPE	RAW
fri/c4d_150223_191833_fri.fits.fz	0	PROCTYPE	RAW
fri/c4d_150223_191910_fri.fits.fz	0	PROCTYPE	RAW
fri/c4d_150223_191944_fri.fits.fz	0	PROCTYPE	RAW
fri/c4d_150223_192021_fri.fits.fz	0	PROCTYPE	RAW
fri/c4d_150223_192056_fri.fits.fz	0	PROCTYPE	RAW
fri/c4d_150223_192134_fri.fits.fz	0	PROCTYPE	RAW
fri/c4d_150223_192209_fri.fits.fz	0	PROCTYPE	RAW
fri/c4d_150223_192246_fri.fits.fz	0	PROCTYPE	RAW
fri/c4d_150223_192323_fri.fits.fz	0	PROCTYPE	RAW
fri/c4d_150223_192356_fri.fits.fz	0	PROCTYPE	RAW
fri/c4d_150223_192435_fri.fits.fz	0	PROCTYPE	RAW
fri/c4d_150223_192509_fri.fits.fz	0	PROCTYPE	RAW
fri/c4d_150223_192545_fri.fits.fz	0	PROCTYPE	RAW
fri/c4d_150223_192625_fri.fits.fz	0	PROCTYPE	RAW
fri/c4d_150223_192659_fri.fits.fz	0	PROCTYPE	RAW
fri/c4d_150223_192759_fri.fits.fz	0	PROCTYPE	RAW
fri/c4d_150223_192848_fri.fits.fz	0	PROCTYPE	RAW
fri/c4d_150223_192942_fri.fits.fz	0	PROCTYPE	RAW
fri/c4d_150223_193038_fri.fits.fz	0	PROCTYPE	RAW
fri/c4d_150223_193129_fri.fits.fz	0	PROCTYPE	RAW
fri/c4d_150223_193224_fri.fits.fz	0	PROCTYPE	RAW
fri/c4d_150223_193318_fri.fits.fz	0	PROCTYPE	RAW
fri/c4d_150223_193410_fri.fits.fz	0	PROCTYPE	RAW
fri/c4d_150223_193505_fri.fits.fz	0	PROCTYPE	RAW
fri/c4d_150223_193559_fri.fits.fz	0	PROCTYPE	RAW
fri/c4d_150223_193655_fri.fits.fz	0	PROCTYPE	RAW
fri/c4d_150223_193732_fri.fits.fz	0	PROCTYPE	RAW
fri/c4d_150223_193813_fri.fits.fz	0	PROCTYPE	RAW
fri/c4d_150223_193851_fri.fits.fz	0	PROCTYPE	RAW
fri/c4d_150223_193931_fri.fits.fz	0	PROCTYPE	RAW
fri/c4d_150223_194010_fri.fits.fz	0	PROCTYPE	RAW
fri/c4d_150223_194048_fri.fits.fz	0	PROCTYPE	RAW
fri/c4d_150223_194127_fri.fits.fz	0	PROCTYPE	RAW
fri/c4d_150223_194208_fri.fits.fz	0	PROCTYPE	RAW
fri/c4d_150223_194247_fri.fits.fz	0	PROCTYPE	RAW
fri/c4d_150223_194325_fri.fits.fz	0	PROCTYPE	RAW
fri/c4d_150223_194405_fri.fits.fz	0	PROCTYPE	RAW
fri/c4d_150223_194443_fri.fits.fz	0	PROCTYPE	RAW
fri/c4d_150223_194526_fri.fits.fz	0	PROCTYPE	RAW
fri/c4d_150223_194601_fri.fits.fz	0	PROCTYPE	RAW
fri/c4d_150223_194640_fri.fits.fz	0	PROCTYPE	RAW
fri/c4d_150223_194719_fri.fits.fz	0	PROCTYPE	RAW
fri/c4d_150223_194800_fri.fits.fz	0	PROCTYPE	RAW
fri/c4d_150223_194837_fri.fits.fz	0	PROCTYPE	RAW
fri/c4d_150223_194918_fri.fits.fz	0	PROCTYPE	RAW
fri/c4d_150223_194956_fri.fits.fz	0	PROCTYPE	RAW
fri/c4d_150223_195036_fri.fits.fz	0	PROCTYPE	RAW
fri/c4d_150223_195115_fri.fits.fz	0	PROCTYPE	RAW
fri/c4d_150223_195222_fri.fits.fz	0	PROCTYPE	RAW
fri/c4d_150223_195322_fri.fits.fz	0	PROCTYPE	RAW
fri/c4d_150223_195431_fri.fits.fz	0	PROCTYPE	RAW
fri/c4d_150223_195529_fri.fits.fz	0	PROCTYPE	RAW
fri/c4d_150223_195636_fri.fits.fz	0	PROCTYPE	RAW
fri/c4d_150223_195739_fri.fits.fz	0	PROCTYPE	RAW
fri/c4d_150223_195841_fri.fits.fz	0	PROCTYPE	RAW
fri/c4d_150223_195946_fri.fits.fz	0	PROCTYPE	RAW
fri/c4d_150223_200049_fri.fits.fz	0	PROCTYPE	RAW
fri/c4d_150223_200153_fri.fits.fz	0	PROCTYPE	RAW
fri/c4d_150223_200257_fri.fits.fz	0	PROCTYPE	RAW
fri/c4d_150223_200403_fri.fits.fz	0	PROCTYPE	RAW
fri/c4d_150223_200507_fri.fits.fz	0	PROCTYPE	RAW
fri/c4d_150223_200612_fri.fits.fz	0	PROCTYPE	RAW
fri/c4d_150223_200716_fri.fits.fz	0	PROCTYPE	RAW
fri/c4d_150223_200821_fri.fits.fz	0	PROCTYPE	RAW
fri/c4d_150223_200923_fri.fits.fz	0	PROCTYPE	RAW
fri/c4d_150223_201028_fri.fits.fz	0	PROCTYPE	RAW
fri/c4d_150223_201132_fri.fits.fz	0	PROCTYPE	RAW
fri/c4d_150223_201233_fri.fits.fz	0	PROCTYPE	RAW
fri/c4d_150223_201343_fri.fits.fz	0	PROCTYPE	RAW
fri/c4d_150223_201443_fri.fits.fz	0	PROCTYPE	RAW
fri/c4d_150226_204552_fri.fits.fz	0	PROCTYPE	RAW
fri/c4d_150226_204656_fri.fits.fz	0	PROCTYPE	RAW
fri/c4d_150226_204805_fri.fits.fz	0	PROCTYPE	RAW
fri/c4d_150226_204904_fri.fits.fz	0	PROCTYPE	RAW
fri/c4d_150226_205011_fri.fits.fz	0	PROCTYPE	RAW
fri/c4d_150226_205113_fri.fits.fz	0	PROCTYPE	RAW
fri/c4d_150226_205218_fri.fits.fz	0	PROCTYPE	RAW
fri/c4d_150226_205325_fri.fits.fz	0	PROCTYPE	RAW
fri/c4d_150226_205427_fri.fits.fz	0	PROCTYPE	RAW
fri/c4d_150226_205530_fri.fits.fz	0	PROCTYPE	RAW
fri/c4d_150226_210114_fri.fits.fz	0	PROCTYPE	RAW
fri/c4d_150226_210150_fri.fits.fz	0	PROCTYPE	RAW
fri/c4d_150226_210226_fri.fits.fz	0	PROCTYPE	RAW
fri/c4d_150226_210303_fri.fits.fz	0	PROCTYPE	RAW
fri/c4d_150226_210339_fri.fits.fz	0	PROCTYPE	RAW
fri/c4d_150226_210415_fri.fits.fz	0	PROCTYPE	RAW
fri/c4d_150226_210451_fri.fits.fz	0	PROCTYPE	RAW
fri/c4d_150226_210525_fri.fits.fz	0	PROCTYPE	RAW
fri/c4d_150226_210601_fri.fits.fz	0	PROCTYPE	RAW
fri/c4d_150226_210637_fri.fits.fz	0	PROCTYPE	RAW
fri/c4d_150226_210717_fri.fits.fz	0	PROCTYPE	RAW
fri/c4d_150226_210751_fri.fits.fz	0	PROCTYPE	RAW
fri/c4d_150226_210828_fri.fits.fz	0	PROCTYPE	RAW
fri/c4d_150226_210904_fri.fits.fz	0	PROCTYPE	RAW
fri/c4d_150226_210945_fri.fits.fz	0	PROCTYPE	RAW
fri/c4d_150226_211017_fri.fits.fz	0	PROCTYPE	RAW
fri/c4d_150226_211052_fri.fits.fz	0	PROCTYPE	RAW
fri/c4d_150226_211127_fri.fits.fz	0	PROCTYPE	RAW
fri/c4d_150226_211207_fri.fits.fz	0	PROCTYPE	RAW
fri/c4d_150226_211245_fri.fits.fz	0	PROCTYPE	RAW
fri/c4d_150226_211315_fri.fits.fz	0	PROCTYPE	RAW
fri/c4d_150226_211353_fri.fits.fz	0	PROCTYPE	RAW
fri/c4d_150226_211430_fri.fits.fz	0	PROCTYPE	RAW
fri/c4d_150226_211506_fri.fits.fz	0	PROCTYPE	RAW
fri/c4d_150226_211543_fri.fits.fz	0	PROCTYPE	RAW
fri/c4d_150226_211616_fri.fits.fz	0	PROCTYPE	RAW
fri/c4d_150226_211652_fri.fits.fz	0	PROCTYPE	RAW
fri/c4d_150226_211731_fri.fits.fz	0	PROCTYPE	RAW
fri/c4d_150226_211804_fri.fits.fz	0	PROCTYPE	RAW
fri/c4d_150226_211840_fri.fits.fz	0	PROCTYPE	RAW
fri/c4d_150226_211919_fri.fits.fz	0	PROCTYPE	RAW
fri/c4d_150226_211953_fri.fits.fz	0	PROCTYPE	RAW
fri/c4d_150226_212047_fri.fits.fz	0	PROCTYPE	RAW
fri/c4d_150226_212140_fri.fits.fz	0	PROCTYPE	RAW
fri/c4d_150226_212236_fri.fits.fz	0	PROCTYPE	RAW
fri/c4d_150226_212331_fri.fits.fz	0	PROCTYPE	RAW
fri/c4d_150226_212425_fri.fits.fz	0	PROCTYPE	RAW
fri/c4d_150226_212518_fri.fits.fz	0	PROCTYPE	RAW
fri/c4d_150226_212613_fri.fits.fz	0	PROCTYPE	RAW
fri/c4d_150226_212712_fri.fits.fz	0	PROCTYPE	RAW
fri/c4d_150226_212801_fri.fits.fz	0	PROCTYPE	RAW
fri/c4d_150226_212855_fri.fits.fz	0	PROCTYPE	RAW
fri/c4d_150226_212948_fri.fits.fz	0	PROCTYPE	RAW
fri/c4d_150226_213028_fri.fits.fz	0	PROCTYPE	RAW
fri/c4d_150226_213111_fri.fits.fz	0	PROCTYPE	RAW
fri/c4d_150226_213147_fri.fits.fz	0	PROCTYPE	RAW
fri/c4d_150226_213226_fri.fits.fz	0	PROCTYPE	RAW
fri/c4d_150226_213306_fri.fits.fz	0	PROCTYPE	RAW
fri/c4d_150226_213345_fri.fits.fz	0	PROCTYPE	RAW
fri/c4d_150226_213424_fri.fits.fz	0	PROCTYPE	RAW
fri/c4d_150226_213503_fri.fits.fz	0	PROCTYPE	RAW
fri/c4d_150226_213542_fri.fits.fz	0	PROCTYPE	RAW
fri/c4d_150226_213620_fri.fits.fz	0	PROCTYPE	RAW
fri/c4d_150226_213701_fri.fits.fz	0	PROCTYPE	RAW
fri/c4d_150226_213739_fri.fits.fz	0	PROCTYPE	RAW
fri/c4d_150226_213817_fri.fits.fz	0	PROCTYPE	RAW
fri/c4d_150226_213858_fri.fits.fz	0	PROCTYPE	RAW
fri/c4d_150226_213936_fri.fits.fz	0	PROCTYPE	RAW
fri/c4d_150226_214014_fri.fits.fz	0	PROCTYPE	RAW
fri/c4d_150226_214053_fri.fits.fz	0	PROCTYPE	RAW
fri/c4d_150226_214134_fri.fits.fz	0	PROCTYPE	RAW
fri/c4d_150226_214214_fri.fits.fz	0	PROCTYPE	RAW
fri/c4d_150226_214253_fri.fits.fz	0	PROCTYPE	RAW
fri/c4d_150226_214330_fri.fits.fz	0	PROCTYPE	RAW
fri/c4d_150226_214420_fri.fits.fz	0	PROCTYPE	RAW
fri/c4d_150226_214514_fri.fits.fz	0	PROCTYPE	RAW
fri/c4d_150226_214619_fri.fits.fz	0	PROCTYPE	RAW
fri/c4d_150226_214723_fri.fits.fz	0	PROCTYPE	RAW
fri/c4d_150226_214827_fri.fits.fz	0	PROCTYPE	RAW
fri/c4d_150226_214931_fri.fits.fz	0	PROCTYPE	RAW
fri/c4d_150226_215038_fri.fits.fz	0	PROCTYPE	RAW
fri/c4d_150226_215137_fri.fits.fz	0	PROCTYPE	RAW
fri/c4d_150226_215242_fri.fits.fz	0	PROCTYPE	RAW
fri/c4d_150226_215347_fri.fits.fz	0	PROCTYPE	RAW
fri/c4d_150226_215452_fri.fits.fz	0	PROCTYPE	RAW
fri/c4d_150226_215555_fri.fits.fz	0	PROCTYPE	RAW
fri/c4d_150226_215659_fri.fits.fz	0	PROCTYPE	RAW
fri/c4d_150226_215801_fri.fits.fz	0	PROCTYPE	RAW
fri/c4d_150226_215908_fri.fits.fz	0	PROCTYPE	RAW
fri/c4d_150226_220015_fri.fits.fz	0	PROCTYPE	RAW
fri/c4d_150226_220116_fri.fits.fz	0	PROCTYPE	RAW
fri/c4d_150226_220218_fri.fits.fz	0	PROCTYPE	RAW
fri/c4d_150226_220323_fri.fits.fz	0	PROCTYPE	RAW
fri/c4d_150226_220428_fri.fits.fz	0	PROCTYPE	RAW
fri/c4d_150226_220534_fri.fits.fz	0	PROCTYPE	RAW
fri/c4d_150226_220638_fri.fits.fz	0	PROCTYPE	RAW
fri/c4d_150226_220740_fri.fits.fz	0	PROCTYPE	RAW
fri/c4d_150313_194235_fri.fits.fz	0	PROCTYPE	RAW
fri/c4d_150313_194312_fri.fits.fz	0	PROCTYPE	RAW
fri/c4d_150313_194347_fri.fits.fz	0	PROCTYPE	RAW
fri/c4d_150313_194426_fri.fits.fz	0	PROCTYPE	RAW
fri/c4d_150313_194502_fri.fits.fz	0	PROCTYPE	RAW
fri/c4d_150313_194536_fri.fits.fz	0	PROCTYPE	RAW
fri/c4d_150313_194613_fri.fits.fz	0	PROCTYPE	RAW
fri/c4d_150313_194648_fri.fits.fz	0	PROCTYPE	RAW
fri/c4d_150313_194728_fri.fits.fz	0	PROCTYPE	RAW
fri/c4d_150313_194759_fri.fits.fz	0	PROCTYPE	RAW
fri/c4d_150313_194838_fri.fits.fz	0	PROCTYPE	RAW
fri/c4d_150313_194915_fri.fits.fz	0	PROCTYPE	RAW
fri/c4d_150313_194949_fri.fits.fz	0	PROCTYPE	RAW
fri/c4d_150313_195026_fri.fits.fz	0	PROCTYPE	RAW
fri/c4d_150313_195103_fri.fits.fz	0	PROCTYPE	RAW
fri/c4d_150313_195136_fri.fits.fz	0	PROCTYPE	RAW
fri/c4d_150313_195214_fri.fits.fz	0	PROCTYPE	RAW
fri/c4d_150313_195249_fri.fits.fz	0	PROCTYPE	RAW
fri/c4d_150313_195327_fri.fits.fz	0	PROCTYPE	RAW
fri/c4d_150313_195401_fri.fits.fz	0	PROCTYPE	RAW
fri/c4d_150313_195442_fri.fits.fz	0	PROCTYPE	RAW
fri/c4d_150313_195519_fri.fits.fz	0	PROCTYPE	RAW
fri/c4d_150313_195553_fri.fits.fz	0	PROCTYPE	RAW
fri/c4d_150313_195628_fri.fits.fz	0	PROCTYPE	RAW
fri/c4d_150313_195707_fri.fits.fz	0	PROCTYPE	RAW
fri/c4d_150313_195739_fri.fits.fz	0	PROCTYPE	RAW
fri/c4d_150313_195815_fri.fits.fz	0	PROCTYPE	RAW
fri/c4d_150313_195850_fri.fits.fz	0	PROCTYPE	RAW
fri/c4d_150313_195926_fri.fits.fz	0	PROCTYPE	RAW
fri/c4d_150313_200002_fri.fits.fz	0	PROCTYPE	RAW
fri/c4d_150313_200041_fri.fits.fz	0	PROCTYPE	RAW
fri/c4d_150313_200114_fri.fits.fz	0	PROCTYPE	RAW
fri/c4d_150313_200208_fri.fits.fz	0	PROCTYPE	RAW
fri/c4d_150313_200302_fri.fits.fz	0	PROCTYPE	RAW
fri/c4d_150313_200358_fri.fits.fz	0	PROCTYPE	RAW
fri/c4d_150313_200453_fri.fits.fz	0	PROCTYPE	RAW
fri/c4d_150313_200546_fri.fits.fz	0	PROCTYPE	RAW
fri/c4d_150313_200641_fri.fits.fz	0	PROCTYPE	RAW
fri/c4d_150313_200736_fri.fits.fz	0	PROCTYPE	RAW
fri/c4d_150313_200833_fri.fits.fz	0	PROCTYPE	RAW
fri/c4d_150313_200922_fri.fits.fz	0	PROCTYPE	RAW
fri/c4d_150313_201018_fri.fits.fz	0	PROCTYPE	RAW
fri/c4d_150313_201112_fri.fits.fz	0	PROCTYPE	RAW
fri/c4d_150313_201151_fri.fits.fz	0	PROCTYPE	RAW
fri/c4d_150313_201229_fri.fits.fz	0	PROCTYPE	RAW
fri/c4d_150313_201308_fri.fits.fz	0	PROCTYPE	RAW
fri/c4d_150313_201350_fri.fits.fz	0	PROCTYPE	RAW
fri/c4d_150313_201426_fri.fits.fz	0	PROCTYPE	RAW
fri/c4d_150313_201505_fri.fits.fz	0	PROCTYPE	RAW
fri/c4d_150313_201549_fri.fits.fz	0	PROCTYPE	RAW
fri/c4d_150313_201623_fri.fits.fz	0	PROCTYPE	RAW
fri/c4d_150313_201703_fri.fits.fz	0	PROCTYPE	RAW
fri/c4d_150313_201741_fri.fits.fz	0	PROCTYPE	RAW
fri/c4d_150313_201822_fri.fits.fz	0	PROCTYPE	RAW
fri/c4d_150313_201900_fri.fits.fz	0	PROCTYPE	RAW
fri/c4d_150313_201941_fri.fits.fz	0	PROCTYPE	RAW
fri/c4d_150313_202017_fri.fits.fz	0	PROCTYPE	RAW
fri/c4d_150313_202059_fri.fits.fz	0	PROCTYPE	RAW
fri/c4d_150313_202135_fri.fits.fz	0	PROCTYPE	RAW
fri/c4d_150313_202217_fri.fits.fz	0	PROCTYPE	RAW
fri/c4d_150313_202253_fri.fits.fz	0	PROCTYPE	RAW
fri/c4d_150313_202334_fri.fits.fz	0	PROCTYPE	RAW
fri/c4d_150313_202412_fri.fits.fz	0	PROCTYPE	RAW
fri/c4d_150313_202452_fri.fits.fz	0	PROCTYPE	RAW
fri/c4d_150313_202538_fri.fits.fz	0	PROCTYPE	RAW
fri/c4d_150313_202636_fri.fits.fz	0	PROCTYPE	RAW
fri/c4d_150313_202741_fri.fits.fz	0	PROCTYPE	RAW
fri/c4d_150313_202845_fri.fits.fz	0	PROCTYPE	RAW
fri/c4d_150313_202948_fri.fits.fz	0	PROCTYPE	RAW
fri/c4d_150313_203057_fri.fits.fz	0	PROCTYPE	RAW
fri/c4d_150313_203157_fri.fits.fz	0	PROCTYPE	RAW
fri/c4d_150313_203300_fri.fits.fz	0	PROCTYPE	RAW
fri/c4d_150313_203403_fri.fits.fz	0	PROCTYPE	RAW
fri/c4d_150313_203509_fri.fits.fz	0	PROCTYPE	RAW
fri/c4d_150313_203614_fri.fits.fz	0	PROCTYPE	RAW
fri/c4d_150313_203716_fri.fits.fz	0	PROCTYPE	RAW
fri/c4d_150313_203820_fri.fits.fz	0	PROCTYPE	RAW
fri/c4d_150313_203923_fri.fits.fz	0	PROCTYPE	RAW
fri/c4d_150313_204027_fri.fits.fz	0	PROCTYPE	RAW
fri/c4d_150313_204139_fri.fits.fz	0	PROCTYPE	RAW
fri/c4d_150313_204235_fri.fits.fz	0	PROCTYPE	RAW
fri/c4d_150313_204339_fri.fits.fz	0	PROCTYPE	RAW
fri/c4d_150313_204443_fri.fits.fz	0	PROCTYPE	RAW
fri/c4d_150313_204549_fri.fits.fz	0	PROCTYPE	RAW
fri/c4d_150313_204652_fri.fits.fz	0	PROCTYPE	RAW
fri/c4d_150313_204758_fri.fits.fz	0	PROCTYPE	RAW
fri/c4d_150313_204902_fri.fits.fz	0	PROCTYPE	RAW
ici/c4d_150217_003458_ici_g_v1.fits.fz	0	PROCTYPE	MasterCal
ici/c4d_150217_003651_ici_r_v1.fits.fz	0	PROCTYPE	MasterCal
ici/c4d_150309_045926_ici_g_v1.fits.fz	0	PROCTYPE	MasterCal
ici/c4d_150314_002047_ici_i_v1.fits.fz	0	PROCTYPE	MasterCal
ici/c4d_150314_014229_ici_r_v1.fits.fz	0	PROCTYPE	MasterCal
ici/c4d_150314_033132_ici_g_v1.fits.fz	0	PROCTYPE	MasterCal
ori/c4d_150217_001901_ori.fits.fz	0	PROCTYPE	RAW
ori/c4d_150217_002321_ori.fits.fz	0	PROCTYPE	RAW
ori/c4d_150217_002404_ori.fits.fz	0	PROCTYPE	RAW
ori/c4d_150217_002529_ori.fits.fz	0	PROCTYPE	RAW
ori/c4d_150217_002614_ori.fits.fz	0	PROCTYPE	RAW
ori/c4d_150217_002958_ori.fits.fz	0	PROCTYPE	RAW
ori/c4d_150217_003038_ori.fits.fz	0	PROCTYPE	RAW
ori/c4d_150217_003458_ori.fits.fz	0	PROCTYPE	RAW
ori/c4d_150217_003651_ori.fits.fz	0	PROCTYPE	RAW
ori/c4d_150217_003845_ori.fits.fz	0	PROCTYPE	RAW
ori/c4d_150217_004041_ori.fits.fz	0	PROCTYPE	RAW
ori/c4d_150217_004232_ori.fits.fz	0	PROCTYPE	RAW
ori/c4d_150217_004426_ori.fits.fz	0	PROCTYPE	RAW
ori/c4d_150217_004816_ori.fits.fz	0	PROCTYPE	RAW
ori/c4d_150217_005010_ori.fits.fz	0	PROCTYPE	RAW
ori/c4d_150217_090501_ori.fits.fz	0	PROCTYPE	RAW
ori/c4d_150217_090849_ori.fits.fz	0	PROCTYPE	RAW
ori/c4d_150217_091042_ori.fits.fz	0	PROCTYPE	RAW
ori/c4d_150217_091239_ori.fits.fz	0	PROCTYPE	RAW
ori/c4d_150217_091432_ori.fits.fz	0	PROCTYPE	RAW
ori/c4d_150217_091626_ori.fits.fz	0	PROCTYPE	RAW
ori/c4d_150217_091819_ori.fits.fz	0	PROCTYPE	RAW
ori/c4d_150217_092013_ori.fits.fz	0	PROCTYPE	RAW
ori/c4d_150217_092208_ori.fits.fz	0	PROCTYPE	RAW
ori/c4d_150217_092401_ori.fits.fz	0	PROCTYPE	RAW
ori/c4d_150217_092444_ori.fits.fz	0	PROCTYPE	RAW
ori/c4d_150217_092524_ori.fits.fz	0	PROCTYPE	RAW
ori/c4d_150217_092707_ori.fits.fz	0	PROCTYPE	RAW
ori/c4d_150217_092747_ori.fits.fz	0	PROCTYPE	RAW
ori/c4d_150217_093048_ori.fits.fz	0	PROCTYPE	RAW
ori/c4d_150217_093128_ori.fits.fz	0	PROCTYPE	RAW
ori/c4d_150218_001350_ori.fits.fz	0	PROCTYPE	RAW
ori/c4d_150219_001243_ori.fits.fz	0	PROCTYPE	RAW
ori/c4d_150219_001402_ori.fits.fz	0	PROCTYPE	RAW
ori/c4d_150220_001258_ori.fits.fz	0	PROCTYPE	RAW
ori/c4d_150221_001222_ori.fits.fz	0	PROCTYPE	RAW
ori/c4d_150221_065832_ori.fits.fz	0	PROCTYPE	RAW
ori/c4d_150222_001220_ori.fits.fz	0	PROCTYPE	RAW
ori/c4d_150224_001115_ori.fits.fz	0	PROCTYPE	RAW
ori/c4d_150227_000602_ori.fits.fz	0	PROCTYPE	RAW
ori/c4d_150227_001016_ori.fits.fz	0	PROCTYPE	RAW
ori/c4d_150227_001301_ori.fits.fz	0	PROCTYPE	RAW
ori/c4d_150227_001544_ori.fits.fz	0	PROCTYPE	RAW
ori/c4d_150227_001936_ori.fits.fz	0	PROCTYPE	RAW
ori/c4d_150227_002319_ori.fits.fz	0	PROCTYPE	RAW
ori/c4d_150227_002705_ori.fits.fz	0	PROCTYPE	RAW
ori/c4d_150313_234815_ori.fits.fz	0	PROCTYPE	RAW
ori/c4d_150313_235126_ori.fits.fz	0	PROCTYPE	RAW
ori/c4d_150313_235240_ori.fits.fz	0	PROCTYPE	RAW
ori/c4d_150313_235339_ori.fits.fz	0	PROCTYPE	RAW
ori/c4d_150313_235711_ori.fits.fz	0	PROCTYPE	RAW
ori/c4d_150313_235835_ori.fits.fz	0	PROCTYPE	RAW
ori/c4d_150313_235935_ori.fits.fz	0	PROCTYPE	RAW
ori/c4d_150314_000051_ori.fits.fz	0	PROCTYPE	RAW
ori/c4d_150314_000151_ori.fits.fz	0	PROCTYPE	RAW
ori/c4d_150314_000252_ori.fits.fz	0	PROCTYPE	RAW
ori/c4d_150314_000356_ori.fits.fz	0	PROCTYPE	RAW
ori/c4d_150314_000458_ori.fits.fz	0	PROCTYPE	RAW
ori/c4d_150314_000624_ori.fits.fz	0	PROCTYPE	RAW
ori/c4d_150314_000725_ori.fits.fz	0	PROCTYPE	RAW
ori/c4d_150314_000826_ori.fits.fz	0	PROCTYPE	RAW
ori/c4d_150314_000928_ori.fits.fz	0	PROCTYPE	RAW
ori/c4d_150314_001029_ori.fits.fz	0	PROCTYPE	RAW
ori/c4d_150314_001157_ori.fits.fz	0	PROCTYPE	RAW
ori/c4d_150314_001324_ori.fits.fz	0	PROCTYPE	RAW
ori/c4d_150314_001424_ori.fits.fz	0	PROCTYPE	RAW
ori/c4d_150314_001526_ori.fits.fz	0	PROCTYPE	RAW
ori/c4d_150314_001646_ori.fits.fz	0	PROCTYPE	RAW
ori/c4d_150314_001758_ori.fits.fz	0	PROCTYPE	RAW
zci/c4d_150216_194459_zci_v1.fits.fz	0	PROCTYPE	MasterCal
zci/c4d_150217_193713_zci_v1.fits.fz	0	PROCTYPE	MasterCal
zci/c4d_150218_191721_zci_v1.fits.fz	0	PROCTYPE	MasterCal
zci/c4d_150219_192417_zci_v1.fits.fz	0	PROCTYPE	MasterCal
zci/c4d_150220_191835_zci_v1.fits.fz	0	PROCTYPE	MasterCal
zci/c4d_150221_195058_zci_v1.fits.fz	0	PROCTYPE	MasterCal
zci/c4d_150223_190357_zci_v1.fits.fz	0	PROCTYPE	MasterCal
zci/c4d_150226_204118_zci_v1.fits.fz	0	PROCTYPE	MasterCal
zci/c4d_150313_193832_zci_v1.fits.fz	0	PROCTYPE	MasterCal
zcw/c4d_150216_194459_zcw_v1.fits.fz	0	PROCTYPE	MasterCal
zcw/c4d_150217_193713_zcw_v1.fits.fz	0	PROCTYPE	MasterCal
zcw/c4d_150218_191721_zcw_v1.fits.fz	0	PROCTYPE	MasterCal
zcw/c4d_150219_192417_zcw_v1.fits.fz	0	PROCTYPE	MasterCal
zcw/c4d_150220_191835_zcw_v1.fits.fz	0	PROCTYPE	MasterCal
zcw/c4d_150221_195058_zcw_v1.fits.fz	0	PROCTYPE	MasterCal
zcw/c4d_150223_190357_zcw_v1.fits.fz	0	PROCTYPE	MasterCal
zcw/c4d_150226_204118_zcw_v1.fits.fz	0	PROCTYPE	MasterCal
zcw/c4d_150313_193832_zcw_v1.fits.fz	0	PROCTYPE	MasterCal
zri/c4d_150216_194437_zri.fits.fz	0	PROCTYPE	RAW
zri/c4d_150216_194459_zri.fits.fz	0	PROCTYPE	RAW
zri/c4d_150216_194523_zri.fits.fz	0	PROCTYPE	RAW
zri/c4d_150216_194546_zri.fits.fz	0	PROCTYPE	RAW
zri/c4d_150216_194613_zri.fits.fz	0	PROCTYPE	RAW
zri/c4d_150216_194633_zri.fits.fz	0	PROCTYPE	RAW
zri/c4d_150216_194656_zri.fits.fz	0	PROCTYPE	RAW
zri/c4d_150216_194720_zri.fits.fz	0	PROCTYPE	RAW
zri/c4d_150216_194743_zri.fits.fz	0	PROCTYPE	RAW
zri/c4d_150216_194807_zri.fits.fz	0	PROCTYPE	RAW
zri/c4d_150216_194830_zri.fits.fz	0	PROCTYPE	RAW
zri/c4d_150216_205607_zri.fits.fz	0	PROCTYPE	RAW
zri/c4d_150216_205630_zri.fits.fz	0	PROCTYPE	RAW
zri/c4d_150216_205650_zri.fits.fz	0	PROCTYPE	RAW
zri/c4d_150216_205715_zri.fits.fz	0	PROCTYPE	RAW
zri/c4d_150216_205735_zri.fits.fz	0	PROCTYPE	RAW
zri/c4d_150216_205808_zri.fits.fz	0	PROCTYPE	RAW
zri/c4d_150216_205824_zri.fits.fz	0	PROCTYPE	RAW
zri/c4d_150216_205848_zri.fits.fz	0	PROCTYPE	RAW
zri/c4d_150216_205919_zri.fits.fz	0	PROCTYPE	RAW
zri/c4d_150216_205932_zri.fits.fz	0	PROCTYPE	RAW
zri/c4d_150216_205957_zri.fits.fz	0	PROCTYPE	RAW
zri/c4d_150217_001654_zri.fits.fz	0	PROCTYPE	RAW
zri/c4d_150217_001713_zri.fits.fz	0	PROCTYPE	RAW
zri/c4d_150217_193650_zri.fits.fz	0	PROCTYPE	RAW
zri/c4d_150217_193713_zri.fits.fz	0	PROCTYPE	RAW
zri/c4d_150217_193734_zri.fits.fz	0	PROCTYPE	RAW
zri/c4d_150217_193758_zri.fits.fz	0	PROCTYPE	RAW
zri/c4d_150217_193822_zri.fits.fz	0	PROCTYPE	RAW
zri/c4d_150217_193844_zri.fits.fz	0	PROCTYPE	RAW
zri/c4d_150217_193907_zri.fits.fz	0	PROCTYPE	RAW
zri/c4d_150217_193931_zri.fits.fz	0	PROCTYPE	RAW
zri/c4d_150217_193954_zri.fits.fz	0	PROCTYPE	RAW
zri/c4d_150217_194017_zri.fits.fz	0	PROCTYPE	RAW
zri/c4d_150217_194040_zri.fits.fz	0	PROCTYPE	RAW
zri/c4d_150217_204805_zri.fits.fz	0	PROCTYPE	RAW
zri/c4d_150217_204828_zri.fits.fz	0	PROCTYPE	RAW
zri/c4d_150217_204853_zri.fits.fz	0	PROCTYPE	RAW
zri/c4d_150217_204914_zri.fits.fz	0	PROCTYPE	RAW
zri/c4d_150217_204937_zri.fits.fz	0	PROCTYPE	RAW
zri/c4d_150217_205003_zri.fits.fz	0	PROCTYPE	RAW
zri/c4d_150217_205023_zri.fits.fz	0	PROCTYPE	RAW
zri/c4d_150217_205049_zri.fits.fz	0	PROCTYPE	RAW
zri/c4d_150217_205110_zri.fits.fz	0	PROCTYPE	RAW
zri/c4d_150217_205133_zri.fits.fz	0	PROCTYPE	RAW
zri/c4d_150217_205200_zri.fits.fz	0	PROCTYPE	RAW
zri/c4d_150218_001204_zri.fits.fz	0	PROCTYPE	RAW
zri/c4d_150218_001228_zri.fits.fz	0	PROCTYPE	RAW
zri/c4d_150218_191654_zri.fits.fz	0	PROCTYPE	RAW
zri/c4d_150218_191721_zri.fits.fz	0	PROCTYPE	RAW
zri/c4d_150218_191743_zri.fits.fz	0	PROCTYPE	RAW
zri/c4d_150218_191802_zri.fits.fz	0	PROCTYPE	RAW
zri/c4d_150218_191827_zri.fits.fz	0	PROCTYPE	RAW
zri/c4d_150218_191848_zri.fits.fz	0	PROCTYPE	RAW
zri/c4d_150218_191913_zri.fits.fz	0	PROCTYPE	RAW
zri/c4d_150218_191936_zri.fits.fz	0	PROCTYPE	RAW
zri/c4d_150218_191959_zri.fits.fz	0	PROCTYPE	RAW
zri/c4d_150218_192022_zri.fits.fz	0	PROCTYPE	RAW
zri/c4d_150218_192045_zri.fits.fz	0	PROCTYPE	RAW
zri/c4d_150218_202811_zri.fits.fz	0	PROCTYPE	RAW
zri/c4d_150218_202833_zri.fits.fz	0	PROCTYPE	RAW
zri/c4d_150218_202857_zri.fits.fz	0	PROCTYPE	RAW
zri/c4d_150218_202918_zri.fits.fz	0	PROCTYPE	RAW
zri/c4d_150218_202942_zri.fits.fz	0	PROCTYPE	RAW
zri/c4d_150218_203006_zri.fits.fz	0	PROCTYPE	RAW
zri/c4d_150218_203027_zri.fits.fz	0	PROCTYPE	RAW
zri/c4d_150218_203054_zri.fits.fz	0	PROCTYPE	RAW
zri/c4d_150218_203112_zri.fits.fz	0	PROCTYPE	RAW
zri/c4d_150218_203138_zri.fits.fz	0	PROCTYPE	RAW
zri/c4d_150218_203200_zri.fits.fz	0	PROCTYPE	RAW
zri/c4d_150219_001111_zri.fits.fz	0	PROCTYPE	RAW
zri/c4d_150219_001130_zri.fits.fz	0	PROCTYPE	RAW
zri/c4d_150219_192351_zri.fits.fz	0	PROCTYPE	RAW
zri/c4d_150219_192417_zri.fits.fz	0	PROCTYPE	RAW
zri/c4d_150219_192439_zri.fits.fz	0	PROCTYPE	RAW
zri/c4d_150219_192500_zri.fits.fz	0	PROCTYPE	RAW
zri/c4d_150219_192522_zri.fits.fz	0	PROCTYPE	RAW
zri/c4d_150219_192546_zri.fits.fz	0	PROCTYPE	RAW
zri/c4d_150219_192609_zri.fits.fz	0	PROCTYPE	RAW
zri/c4d_150219_192635_zri.fits.fz	0	PROCTYPE	RAW
zri/c4d_150219_192655_zri.fits.fz	0	PROCTYPE	RAW
zri/c4d_150219_192718_zri.fits.fz	0	PROCTYPE	RAW
zri/c4d_150219_192741_zri.fits.fz	0	PROCTYPE	RAW
zri/c4d_150219_203515_zri.fits.fz	0	PROCTYPE	RAW
zri/c4d_150219_203530_zri.fits.fz	0	PROCTYPE	RAW
zri/c4d_150219_203552_zri.fits.fz	0	PROCTYPE	RAW
zri/c4d_150219_203617_zri.fits.fz	0	PROCTYPE	RAW
zri/c4d_150219_203639_zri.fits.fz	0	PROCTYPE	RAW
zri/c4d_150219_203703_zri.fits.fz	0	PROCTYPE	RAW
zri/c4d_150219_203726_zri.fits.fz	0	PROCTYPE	RAW
zri/c4d_150219_203749_zri.fits.fz	0	PROCTYPE	RAW
zri/c4d_150219_203812_zri.fits.fz	0	PROCTYPE	RAW
zri/c4d_150219_203836_zri.fits.fz	0	PROCTYPE	RAW
zri/c4d_150219_203904_zri.fits.fz	0	PROCTYPE	RAW
zri/c4d_150219_210616_zri.fits.fz	0	PROCTYPE	RAW
zri/c4d_150220_000905_zri.fits.fz	0	PROCTYPE	RAW
zri/c4d_150220_000929_zri.fits.fz	0	PROCTYPE	RAW
zri/c4d_150220_001033_zri.fits.fz	0	PROCTYPE	RAW
zri/c4d_150220_001055_zri.fits.fz	0	PROCTYPE	RAW
zri/c4d_150220_191811_zri.fits.fz	0	PROCTYPE	RAW
zri/c4d_150220_191835_zri.fits.fz	0	PROCTYPE	RAW
zri/c4d_150220_191900_zri.fits.fz	0	PROCTYPE	RAW
zri/c4d_150220_191921_zri.fits.fz	0	PROCTYPE	RAW
zri/c4d_150220_191944_zri.fits.fz	0	PROCTYPE	RAW
zri/c4d_150220_192006_zri.fits.fz	0	PROCTYPE	RAW
zri/c4d_150220_192029_zri.fits.fz	0	PROCTYPE	RAW
zri/c4d_150220_192052_zri.fits.fz	0	PROCTYPE	RAW
zri/c4d_150220_192115_zri.fits.fz	0	PROCTYPE	RAW
zri/c4d_150220_192138_zri.fits.fz	0	PROCTYPE	RAW
zri/c4d_150220_192201_zri.fits.fz	0	PROCTYPE	RAW
zri/c4d_150220_202928_zri.fits.fz	0	PROCTYPE	RAW
zri/c4d_150220_202951_zri.fits.fz	0	PROCTYPE	RAW
zri/c4d_150220_203015_zri.fits.fz	0	PROCTYPE	RAW
zri/c4d_150220_203037_zri.fits.fz	0	PROCTYPE	RAW
zri/c4d_150220_203102_zri.fits.fz	0	PROCTYPE	RAW
zri/c4d_150220_203121_zri.fits.fz	0	PROCTYPE	RAW
zri/c4d_150220_203146_zri.fits.fz	0	PROCTYPE	RAW
zri/c4d_150220_203208_zri.fits.fz	0	PROCTYPE	RAW
zri/c4d_150220_203232_zri.fits.fz	0	PROCTYPE	RAW
zri/c4d_150220_203255_zri.fits.fz	0	PROCTYPE	RAW
zri/c4d_150220_203316_zri.fits.fz	0	PROCTYPE	RAW
zri/c4d_150220_232924_zri.fits.fz	0	PROCTYPE	RAW
zri/c4d_150220_232945_zri.fits.fz	0	PROCTYPE	RAW
zri/c4d_150221_001052_zri.fits.fz	0	PROCTYPE	RAW
zri/c4d_150221_001114_zri.fits.fz	0	PROCTYPE	RAW
zri/c4d_150221_065530_zri.fits.fz	0	PROCTYPE	RAW
zri/c4d_150221_065601_zri.fits.fz	0	PROCTYPE	RAW
zri/c4d_150221_195032_zri.fits.fz	0	PROCTYPE	RAW
zri/c4d_150221_195058_zri.fits.fz	0	PROCTYPE	RAW
zri/c4d_150221_195119_zri.fits.fz	0	PROCTYPE	RAW
zri/c4d_150221_195139_zri.fits.fz	0	PROCTYPE	RAW
zri/c4d_150221_195202_zri.fits.fz	0	PROCTYPE	RAW
zri/c4d_150221_195227_zri.fits.fz	0	PROCTYPE	RAW
zri/c4d_150221_195249_zri.fits.fz	0	PROCTYPE	RAW
zri/c4d_150221_195313_zri.fits.fz	0	PROCTYPE	RAW
zri/c4d_150221_195335_zri.fits.fz	0	PROCTYPE	RAW
zri/c4d_150221_195358_zri.fits.fz	0	PROCTYPE	RAW
zri/c4d_150221_195424_zri.fits.fz	0	PROCTYPE	RAW
zri/c4d_150221_210148_zri.fits.fz	0	PROCTYPE	RAW
zri/c4d_150221_210211_zri.fits.fz	0	PROCTYPE	RAW
zri/c4d_150221_210238_zri.fits.fz	0	PROCTYPE	RAW
zri/c4d_150221_210256_zri.fits.fz	0	PROCTYPE	RAW
zri/c4d_150221_210320_zri.fits.fz	0	PROCTYPE	RAW
zri/c4d_150221_210343_zri.fits.fz	0	PROCTYPE	RAW
zri/c4d_150221_210406_zri.fits.fz	0	PROCTYPE	RAW
zri/c4d_150221_210429_zri.fits.fz	0	PROCTYPE	RAW
zri/c4d_150221_210452_zri.fits.fz	0	PROCTYPE	RAW
zri/c4d_150221_210515_zri.fits.fz	0	PROCTYPE	RAW
zri/c4d_150221_210538_zri.fits.fz	0	PROCTYPE	RAW
zri/c4d_150222_001050_zri.fits.fz	0	PROCTYPE	RAW
zri/c4d_150222_001117_zri.fits.fz	0	PROCTYPE	RAW
zri/c4d_150223_190330_zri.fits.fz	0	PROCTYPE	RAW
zri/c4d_150223_190357_zri.fits.fz	0	PROCTYPE	RAW
zri/c4d_150223_190419_zri.fits.fz	0	PROCTYPE	RAW
zri/c4d_150223_190441_zri.fits.fz	0	PROCTYPE	RAW
zri/c4d_150223_190502_zri.fits.fz	0	PROCTYPE	RAW
zri/c4d_150223_190525_zri.fits.fz	0	PROCTYPE	RAW
zri/c4d_150223_190548_zri.fits.fz	0	PROCTYPE	RAW
zri/c4d_150223_190614_zri.fits.fz	0	PROCTYPE	RAW
zri/c4d_150223_190635_zri.fits.fz	0	PROCTYPE	RAW
zri/c4d_150223_190658_zri.fits.fz	0	PROCTYPE	RAW
zri/c4d_150223_190720_zri.fits.fz	0	PROCTYPE	RAW
zri/c4d_150223_201504_zri.fits.fz	0	PROCTYPE	RAW
zri/c4d_150223_201528_zri.fits.fz	0	PROCTYPE	RAW
zri/c4d_150223_201552_zri.fits.fz	0	PROCTYPE	RAW
zri/c4d_150223_201618_zri.fits.fz	0	PROCTYPE	RAW
zri/c4d_150223_201638_zri.fits.fz	0	PROCTYPE	RAW
zri/c4d_150223_201659_zri.fits.fz	0	PROCTYPE	RAW
zri/c4d_150223_201725_zri.fits.fz	0	PROCTYPE	RAW
zri/c4d_150223_201746_zri.fits.fz	0	PROCTYPE	RAW
zri/c4d_150223_201815_zri.fits.fz	0	PROCTYPE	RAW
zri/c4d_150223_201835_zri.fits.fz	0	PROCTYPE	RAW
zri/c4d_150223_201855_zri.fits.fz	0	PROCTYPE	RAW
zri/c4d_150224_000659_zri.fits.fz	0	PROCTYPE	RAW
zri/c4d_150224_000722_zri.fits.fz	0	PROCTYPE	RAW
zri/c4d_150226_204057_zri.fits.fz	0	PROCTYPE	RAW
zri/c4d_150226_204118_zri.fits.fz	0	PROCTYPE	RAW
zri/c4d_150226_204143_zri.fits.fz	0	PROCTYPE	RAW
zri/c4d_150226_204210_zri.fits.fz	0	PROCTYPE	RAW
zri/c4d_150226_204231_zri.fits.fz	0	PROCTYPE	RAW
zri/c4d_150226_204252_zri.fits.fz	0	PROCTYPE	RAW
zri/c4d_150226_204315_zri.fits.fz	0	PROCTYPE	RAW
zri/c4d_150226_204339_zri.fits.fz	0	PROCTYPE	RAW
zri/c4d_150226_204407_zri.fits.fz	0	PROCTYPE	RAW
zri/c4d_150226_204426_zri.fits.fz	0	PROCTYPE	RAW
zri/c4d_150226_204448_zri.fits.fz	0	PROCTYPE	RAW
zri/c4d_150226_205646_zri.fits.fz	0	PROCTYPE	RAW
zri/c4d_150226_205709_zri.fits.fz	0	PROCTYPE	RAW
zri/c4d_150226_205731_zri.fits.fz	0	PROCTYPE	RAW
zri/c4d_150226_205755_zri.fits.fz	0	PROCTYPE	RAW
zri/c4d_150226_205820_zri.fits.fz	0	PROCTYPE	RAW
zri/c4d_150226_205841_zri.fits.fz	0	PROCTYPE	RAW
zri/c4d_150226_205903_zri.fits.fz	0	PROCTYPE	RAW
zri/c4d_150226_205927_zri.fits.fz	0	PROCTYPE	RAW
zri/c4d_150226_205949_zri.fits.fz	0	PROCTYPE	RAW
zri/c4d_150226_210011_zri.fits.fz	0	PROCTYPE	RAW
zri/c4d_150226_210036_zri.fits.fz	0	PROCTYPE	RAW
zri/c4d_150226_220803_zri.fits.fz	0	PROCTYPE	RAW
zri/c4d_150226_220825_zri.fits.fz	0	PROCTYPE	RAW
zri/c4d_150226_220852_zri.fits.fz	0	PROCTYPE	RAW
zri/c4d_150226_220914_zri.fits.fz	0	PROCTYPE	RAW
zri/c4d_150226_220935_zri.fits.fz	0	PROCTYPE	RAW
zri/c4d_150226_220958_zri.fits.fz	0	PROCTYPE	RAW
zri/c4d_150226_221026_zri.fits.fz	0	PROCTYPE	RAW
zri/c4d_150226_221044_zri.fits.fz	0	PROCTYPE	RAW
zri/c4d_150226_221107_zri.fits.fz	0	PROCTYPE	RAW
zri/c4d_150226_221131_zri.fits.fz	0	PROCTYPE	RAW
zri/c4d_150226_221151_zri.fits.fz	0	PROCTYPE	RAW
zri/c4d_150227_000311_zri.fits.fz	0	PROCTYPE	RAW
zri/c4d_150227_000337_zri.fits.fz	0	PROCTYPE	RAW
zri/c4d_150313_193813_zri.fits.fz	0	PROCTYPE	RAW
zri/c4d_150313_193832_zri.fits.fz	0	PROCTYPE	RAW
zri/c4d_150313_193856_zri.fits.fz	0	PROCTYPE	RAW
zri/c4d_150313_193917_zri.fits.fz	0	PROCTYPE	RAW
zri/c4d_150313_193941_zri.fits.fz	0	PROCTYPE	RAW
zri/c4d_150313_194013_zri.fits.fz	0	PROCTYPE	RAW
zri/c4d_150313_194027_zri.fits.fz	0	PROCTYPE	RAW
zri/c4d_150313_194052_zri.fits.fz	0	PROCTYPE	RAW
zri/c4d_150313_194113_zri.fits.fz	0	PROCTYPE	RAW
zri/c4d_150313_194136_zri.fits.fz	0	PROCTYPE	RAW
zri/c4d_150313_194159_zri.fits.fz	0	PROCTYPE	RAW
zri/c4d_150313_204924_zri.fits.fz	0	PROCTYPE	RAW
zri/c4d_150313_204947_zri.fits.fz	0	PROCTYPE	RAW
zri/c4d_150313_205019_zri.fits.fz	0	PROCTYPE	RAW
zri/c4d_150313_205033_zri.fits.fz	0	PROCTYPE	RAW
zri/c4d_150313_205056_zri.fits.fz	0	PROCTYPE	RAW
zri/c4d_150313_205119_zri.fits.fz	0	PROCTYPE	RAW
zri/c4d_150313_205142_zri.fits.fz	0	PROCTYPE	RAW
zri/c4d_150313_205205_zri.fits.fz	0	PROCTYPE	RAW
zri/c4d_150313_205228_zri.fits.fz	0	PROCTYPE	RAW
zri/c4d_150313_205252_zri.fits.fz	0	PROCTYPE	RAW
zri/c4d_150313_205315_zri.fits.fz	0	PROCTYPE	RAW
zri/c4d_150313_234646_zri.fits.fz	0	PROCTYPE	RAW
zri/c4d_150313_234709_zri.fits.fz	0	PROCTYPE	RAW
zri/c4d_150314_023603_zri.fits.fz	0	PROCTYPE	RAW
zri/c4d_150314_023625_zri.fits.fz	0	PROCTYPE	RAW
zri/c4d_150314_023916_zri.fits.fz	0	PROCTYPE	RAW
zri/c4d_150314_023937_zri.fits.fz	0	PROCTYPE	RAW
